phase,policy,control,candidate_set_size,rows,candidate_set_nonempty_rate,candidate_set_full_rate,mean_unique_valid_candidate_count,raw_non_greedy_rdkit_valid_rate,raw_non_greedy_policy_accept_rate,unique_candidate_rate_per_raw_proposal,oracle_target_recall_at_k,oracle_condition_source_recall_at_k,latent_reranked_valid_top1_rate,latent_reranked_exact_target_identity_at_1,latent_reranked_exact_condition_source_identity_at_1,latent_reranked_target_scaffold_recovery,latent_reranked_condition_source_scaffold_recovery,latent_reranked_mean_morgan_to_target,latent_reranked_mean_morgan_to_condition_source,latent_reranked_mean_cosine_to_supplied_condition,latent_reranked_median_cosine_to_supplied_condition,latent_reranked_mean_l2_to_supplied_condition,latent_reranked_median_l2_to_supplied_condition,latent_reranked_mean_relative_l2_to_supplied_condition,latent_reranked_median_relative_l2_to_supplied_condition,rerank_target_selection_efficiency_given_oracle_presence,historical_step2_exact_identity,exact_target_identity_gain_over_historical_step2,same_panel_greedy_target_identity,same_panel_greedy_condition_source_identity,exact_target_identity_gain_over_same_panel_greedy,condition_source_identity_gain_over_same_panel_greedy
development,beam64_lp00,correct_embedding,1,2048,0.9794921875,0.9794921875,0.9794921875,0.6193695068359375,0.6192703247070312,0.5287704467773438,0.69091796875,0.69091796875,0.9794921875,0.69091796875,0.69091796875,0.796875,0.796875,0.8782991766929626,0.8782991766929626,0.995434045791626,0.9999998211860657,1.4640088081359863,0.018784459680318832,0.03824146091938019,0.000565885566174984,1.0,0.639,0.05191796874999999,0.69091796875,0.69091796875,0.0,0.0
development,beam64_lp00,correct_embedding,5,2048,0.99951171875,0.9794921875,4.9775390625,0.6193695068359375,0.6192703247070312,0.5287704467773438,0.896484375,0.896484375,0.99951171875,0.896484375,0.896484375,0.931640625,0.931640625,0.9593074321746826,0.9593074321746826,0.9987216591835022,0.9999998807907104,0.5103021860122681,0.017684979364275932,0.013187702745199203,0.0005150082870386541,1.0,0.639,0.257484375,0.69091796875,0.69091796875,0.20556640625,0.20556640625
development,beam64_lp00,correct_embedding,10,2048,0.99951171875,0.9736328125,9.96337890625,0.6193695068359375,0.6192703247070312,0.5287704467773438,0.92919921875,0.92919921875,0.99951171875,0.92919921875,0.92919921875,0.951171875,0.951171875,0.9712337255477905,0.9712337255477905,0.9991798996925354,0.9999998807907104,0.3500533103942871,0.01749582588672638,0.009104324504733086,0.0005088037578389049,1.0,0.639,0.29019921875,0.69091796875,0.69091796875,0.23828125,0.23828125
development,beam64_lp00,correct_embedding,20,2048,0.99951171875,0.85302734375,19.43408203125,0.6193695068359375,0.6192703247070312,0.5287704467773438,0.94775390625,0.94775390625,0.99951171875,0.94775390625,0.94775390625,0.95947265625,0.95947265625,0.978367805480957,0.978367805480957,0.9994420409202576,0.9999998807907104,0.2499445378780365,0.01743389293551445,0.006555104628205299,0.0005053608329035342,1.0,0.639,0.30875390625,0.69091796875,0.69091796875,0.2568359375,0.2568359375
development,beam64_lp00,correct_embedding,50,2048,0.99951171875,0.15869140625,33.95068359375,0.6193695068359375,0.6192703247070312,0.5287704467773438,0.95751953125,0.95751953125,0.99951171875,0.95751953125,0.95751953125,0.966796875,0.966796875,0.9816396832466125,0.9816396832466125,0.999521017074585,0.9999998807907104,0.2124723643064499,0.01742054894566536,0.0055398051626980305,0.0005040751420892775,1.0,0.639,0.31851953125,0.69091796875,0.69091796875,0.2666015625,0.2666015625
development,beam64_lp00,shuffled_embedding,1,2048,0.9794921875,0.9794921875,0.9794921875,0.6193695068359375,0.6192703247070312,0.5287704467773438,0.0,0.69091796875,0.9794921875,0.0,0.69091796875,0.0029296875,0.796875,0.11828874796628952,0.8782991170883179,0.9954341053962708,0.9999998211860657,1.4640088081359863,0.018784459680318832,0.038241464644670486,0.000565885566174984,,0.639,-0.639,0.0,0.69091796875,0.0,0.0
development,beam64_lp00,shuffled_embedding,5,2048,0.99951171875,0.9794921875,4.9775390625,0.6193695068359375,0.6192703247070312,0.5287704467773438,0.0,0.896484375,0.99951171875,0.0,0.896484375,0.0029296875,0.931640625,0.1204647570848465,0.9593074321746826,0.9987216591835022,0.9999998807907104,0.5103021860122681,0.017684979364275932,0.013187702745199203,0.0005150082870386541,,0.639,-0.639,0.0,0.69091796875,0.0,0.20556640625
development,beam64_lp00,shuffled_embedding,10,2048,0.99951171875,0.9736328125,9.96337890625,0.6193695068359375,0.6192703247070312,0.5287704467773438,0.0,0.92919921875,0.99951171875,0.0,0.92919921875,0.0029296875,0.951171875,0.12051016092300415,0.9712337255477905,0.9991798996925354,0.9999998807907104,0.3500533103942871,0.01749582588672638,0.009104323573410511,0.0005088037578389049,,0.639,-0.639,0.0,0.69091796875,0.0,0.23828125
development,beam64_lp00,shuffled_embedding,20,2048,0.99951171875,0.85302734375,19.43408203125,0.6193695068359375,0.6192703247070312,0.5287704467773438,0.0,0.94775390625,0.99951171875,0.0,0.94775390625,0.0029296875,0.95947265625,0.12056947499513626,0.978367805480957,0.9994420409202576,0.9999998807907104,0.2499445378780365,0.01743389293551445,0.006555105093866587,0.0005053608329035342,,0.639,-0.639,0.0,0.69091796875,0.0,0.2568359375
development,beam64_lp00,shuffled_embedding,50,2048,0.99951171875,0.15869140625,33.95068359375,0.6193695068359375,0.6192703247070312,0.5287704467773438,0.0,0.95751953125,0.99951171875,0.0,0.95751953125,0.0029296875,0.966796875,0.12055261433124542,0.9816396236419678,0.999521017074585,0.9999998807907104,0.2124723643064499,0.01742054894566536,0.0055398051626980305,0.0005040751420892775,,0.639,-0.639,0.0,0.69091796875,0.0,0.2666015625
development,beam64_lp00,nearest_wrong_embedding,1,2048,0.97900390625,0.97900390625,0.97900390625,0.6033935546875,0.603271484375,0.5116424560546875,0.0,0.70703125,0.97900390625,0.0,0.70703125,0.31787109375,0.8193359375,0.3042297959327698,0.8873905539512634,0.9957082867622375,0.9999998211860657,1.2542771100997925,0.018685100600123405,0.03460113704204559,0.0005760295898653567,,0.639,-0.639,0.0,0.70703125,0.0,0.0
development,beam64_lp00,nearest_wrong_embedding,5,2048,1.0,0.97900390625,4.97900390625,0.6033935546875,0.603271484375,0.5116424560546875,0.0009765625,0.904296875,1.0,0.0,0.904296875,0.3359375,0.9345703125,0.313639372587204,0.96448814868927,0.999085545539856,0.9999998807907104,0.41790667176246643,0.01751777157187462,0.010974889621138573,0.0005308014806360006,0.0,0.639,-0.639,0.0,0.70703125,0.0,0.197265625
development,beam64_lp00,nearest_wrong_embedding,10,2048,1.0,0.97216796875,9.96484375,0.6033935546875,0.603271484375,0.5116424560546875,0.00146484375,0.9326171875,1.0,0.0,0.9326171875,0.33837890625,0.9541015625,0.3139353394508362,0.9746708273887634,0.9995113611221313,0.9999998807907104,0.27580535411834717,0.017428524792194366,0.007362713105976582,0.0005244084168225527,0.0,0.639,-0.639,0.0,0.70703125,0.0,0.2255859375
development,beam64_lp00,nearest_wrong_embedding,20,2048,1.0,0.82666015625,19.2890625,0.6033935546875,0.603271484375,0.5116424560546875,0.0029296875,0.9521484375,1.0,0.0,0.9521484375,0.341796875,0.96728515625,0.3146306574344635,0.9821915626525879,0.9996679425239563,0.9999998807907104,0.19400155544281006,0.017344238236546516,0.005223808344453573,0.0005204728804528713,0.0,0.639,-0.639,0.0,0.70703125,0.0,0.2451171875
development,beam64_lp00,nearest_wrong_embedding,50,2048,1.0,0.140625,32.91650390625,0.6033935546875,0.603271484375,0.5116424560546875,0.0029296875,0.96337890625,1.0,0.0,0.96337890625,0.34228515625,0.97265625,0.31475624442100525,0.9860383868217468,0.9997478723526001,0.9999998807907104,0.14924800395965576,0.01728745922446251,0.004093136638402939,0.0005183335160836577,0.0,0.639,-0.639,0.0,0.70703125,0.0,0.25634765625
development,beam64_lp06,correct_embedding,1,2048,0.9794921875,0.9794921875,0.9794921875,0.6193695068359375,0.6192703247070312,0.5287704467773438,0.69091796875,0.69091796875,0.9794921875,0.69091796875,0.69091796875,0.796875,0.796875,0.8782991766929626,0.8782991766929626,0.995434045791626,0.9999998211860657,1.4640088081359863,0.018784459680318832,0.03824146091938019,0.000565885566174984,1.0,0.639,0.05191796874999999,0.69091796875,0.69091796875,0.0,0.0
development,beam64_lp06,correct_embedding,5,2048,0.99951171875,0.9794921875,4.9775390625,0.6193695068359375,0.6192703247070312,0.5287704467773438,0.896484375,0.896484375,0.99951171875,0.896484375,0.896484375,0.9306640625,0.9306640625,0.9591781497001648,0.9591781497001648,0.9987618923187256,0.9999998807907104,0.5090804696083069,0.017684979364275932,0.0131986103951931,0.000514971325173974,1.0,0.639,0.257484375,0.69091796875,0.69091796875,0.20556640625,0.20556640625
development,beam64_lp06,correct_embedding,10,2048,0.99951171875,0.9736328125,9.96337890625,0.6193695068359375,0.6192703247070312,0.5287704467773438,0.92919921875,0.92919921875,0.99951171875,0.92919921875,0.92919921875,0.951171875,0.951171875,0.9712909460067749,0.9712909460067749,0.9992297887802124,0.9999998807907104,0.33977553248405457,0.017491115257143974,0.008884899318218231,0.000508745783008635,1.0,0.639,0.29019921875,0.69091796875,0.69091796875,0.23828125,0.23828125
development,beam64_lp06,correct_embedding,20,2048,0.99951171875,0.85302734375,19.43408203125,0.6193695068359375,0.6192703247070312,0.5287704467773438,0.94775390625,0.94775390625,0.99951171875,0.94775390625,0.94775390625,0.95947265625,0.95947265625,0.9784850478172302,0.9784850478172302,0.9994434714317322,0.9999998807907104,0.2502013146877289,0.01743389293551445,0.006558925379067659,0.0005053608329035342,1.0,0.639,0.30875390625,0.69091796875,0.69091796875,0.2568359375,0.2568359375
development,beam64_lp06,correct_embedding,50,2048,0.99951171875,0.15869140625,33.95068359375,0.6193695068359375,0.6192703247070312,0.5287704467773438,0.95751953125,0.95751953125,0.99951171875,0.95751953125,0.95751953125,0.966796875,0.966796875,0.9816396832466125,0.9816396832466125,0.999521017074585,0.9999998807907104,0.2124723643064499,0.01742054894566536,0.0055398051626980305,0.0005040751420892775,1.0,0.639,0.31851953125,0.69091796875,0.69091796875,0.2666015625,0.2666015625
development,beam64_lp06,shuffled_embedding,1,2048,0.9794921875,0.9794921875,0.9794921875,0.6193695068359375,0.6192703247070312,0.5287704467773438,0.0,0.69091796875,0.9794921875,0.0,0.69091796875,0.0029296875,0.796875,0.11828874796628952,0.8782991170883179,0.9954341053962708,0.9999998211860657,1.4640088081359863,0.018784459680318832,0.038241464644670486,0.000565885566174984,,0.639,-0.639,0.0,0.69091796875,0.0,0.0
development,beam64_lp06,shuffled_embedding,5,2048,0.99951171875,0.9794921875,4.9775390625,0.6193695068359375,0.6192703247070312,0.5287704467773438,0.0,0.896484375,0.99951171875,0.0,0.896484375,0.0029296875,0.9306640625,0.12046384066343307,0.95917809009552,0.9987618923187256,0.9999998807907104,0.5090804100036621,0.017684979364275932,0.0131986103951931,0.000514971325173974,,0.639,-0.639,0.0,0.69091796875,0.0,0.20556640625
development,beam64_lp06,shuffled_embedding,10,2048,0.99951171875,0.9736328125,9.96337890625,0.6193695068359375,0.6192703247070312,0.5287704467773438,0.0,0.92919921875,0.99951171875,0.0,0.92919921875,0.0029296875,0.951171875,0.12049775570631027,0.9712909460067749,0.9992297887802124,0.9999998807907104,0.33977553248405457,0.017491115257143974,0.008884899318218231,0.000508745783008635,,0.639,-0.639,0.0,0.69091796875,0.0,0.23828125
development,beam64_lp06,shuffled_embedding,20,2048,0.99951171875,0.85302734375,19.43408203125,0.6193695068359375,0.6192703247070312,0.5287704467773438,0.0,0.94775390625,0.99951171875,0.0,0.94775390625,0.0029296875,0.95947265625,0.12054068595170975,0.978485107421875,0.999443531036377,0.9999998807907104,0.2502013146877289,0.01743389293551445,0.006558925379067659,0.0005053608329035342,,0.639,-0.639,0.0,0.69091796875,0.0,0.2568359375
development,beam64_lp06,shuffled_embedding,50,2048,0.99951171875,0.15869140625,33.95068359375,0.6193695068359375,0.6192703247070312,0.5287704467773438,0.0,0.95751953125,0.99951171875,0.0,0.95751953125,0.0029296875,0.966796875,0.12055261433124542,0.9816396236419678,0.999521017074585,0.9999998807907104,0.2124723643064499,0.01742054894566536,0.0055398051626980305,0.0005040751420892775,,0.639,-0.639,0.0,0.69091796875,0.0,0.2666015625
development,beam64_lp06,nearest_wrong_embedding,1,2048,0.97900390625,0.97900390625,0.97900390625,0.6033935546875,0.603271484375,0.5116424560546875,0.0,0.70703125,0.97900390625,0.0,0.70703125,0.31787109375,0.8193359375,0.3042297959327698,0.8873905539512634,0.9957082867622375,0.9999998211860657,1.2542771100997925,0.018685100600123405,0.03460113704204559,0.0005760295898653567,,0.639,-0.639,0.0,0.70703125,0.0,0.0
development,beam64_lp06,nearest_wrong_embedding,5,2048,1.0,0.97900390625,4.97900390625,0.6033935546875,0.603271484375,0.5116424560546875,0.0009765625,0.904296875,1.0,0.0,0.904296875,0.3359375,0.93505859375,0.31359246373176575,0.9645700454711914,0.9991171360015869,0.9999998807907104,0.4110078811645508,0.01751777157187462,0.01080129574984312,0.0005308014806360006,0.0,0.639,-0.639,0.0,0.70703125,0.0,0.197265625
development,beam64_lp06,nearest_wrong_embedding,10,2048,1.0,0.97216796875,9.96484375,0.6033935546875,0.603271484375,0.5116424560546875,0.0009765625,0.9326171875,1.0,0.0,0.9326171875,0.337890625,0.9521484375,0.3138769268989563,0.9742937088012695,0.9995008707046509,0.9999998807907104,0.27962756156921387,0.017427068203687668,0.0074933916330337524,0.0005245115025900304,0.0,0.639,-0.639,0.0,0.70703125,0.0,0.2255859375
development,beam64_lp06,nearest_wrong_embedding,20,2048,1.0,0.82666015625,19.2890625,0.6033935546875,0.603271484375,0.5116424560546875,0.00244140625,0.9521484375,1.0,0.0,0.9521484375,0.341796875,0.966796875,0.31460821628570557,0.9822732210159302,0.9996570348739624,0.9999998807907104,0.19472134113311768,0.017344238236546516,0.005257254466414452,0.0005204728804528713,0.0,0.639,-0.639,0.0,0.70703125,0.0,0.2451171875
development,beam64_lp06,nearest_wrong_embedding,50,2048,1.0,0.140625,32.91650390625,0.6033935546875,0.603271484375,0.5116424560546875,0.0029296875,0.96337890625,1.0,0.0,0.96337890625,0.34228515625,0.97314453125,0.3147570490837097,0.986262321472168,0.999751091003418,0.9999998807907104,0.14743247628211975,0.01728745922446251,0.004059265833348036,0.0005183335160836577,0.0,0.639,-0.639,0.0,0.70703125,0.0,0.25634765625
development,sample128_t085_p095,correct_embedding,1,2048,0.9794921875,0.9794921875,0.9794921875,0.975250244140625,0.975250244140625,0.033351898193359375,0.69091796875,0.69091796875,0.9794921875,0.69091796875,0.69091796875,0.796875,0.796875,0.8782991766929626,0.8782991766929626,0.995434045791626,0.9999998211860657,1.4640088081359863,0.018784459680318832,0.03824146091938019,0.000565885566174984,1.0,0.639,0.05191796874999999,0.69091796875,0.69091796875,0.0,0.0
development,sample128_t085_p095,correct_embedding,5,2048,1.0,0.1884765625,2.32373046875,0.975250244140625,0.975250244140625,0.033351898193359375,0.86181640625,0.86181640625,1.0,0.86181640625,0.86181640625,0.91015625,0.91015625,0.9487963914871216,0.9487963914871216,0.9986080527305603,0.9999998807907104,0.6159408092498779,0.017843838781118393,0.015992965549230576,0.0005244336789473891,1.0,0.639,0.22281640625,0.69091796875,0.69091796875,0.1708984375,0.1708984375
development,sample128_t085_p095,correct_embedding,10,2048,1.0,0.10107421875,3.03564453125,0.975250244140625,0.975250244140625,0.033351898193359375,0.875,0.875,1.0,0.875,0.875,0.92333984375,0.92333984375,0.9552812576293945,0.9552812576293945,0.998934268951416,0.9999998807907104,0.5145279169082642,0.017789732664823532,0.013507945463061333,0.0005208186921663582,1.0,0.639,0.236,0.69091796875,0.69091796875,0.18408203125,0.18408203125
development,sample128_t085_p095,correct_embedding,20,2048,1.0,0.046875,3.82177734375,0.975250244140625,0.975250244140625,0.033351898193359375,0.88037109375,0.88037109375,1.0,0.88037109375,0.88037109375,0.92529296875,0.92529296875,0.9578109979629517,0.9578109979629517,0.9990379214286804,0.9999998807907104,0.4786933660507202,0.017754994332790375,0.012549446895718575,0.0005189005751162767,1.0,0.639,0.24137109375,0.69091796875,0.69091796875,0.189453125,0.189453125
development,sample128_t085_p095,correct_embedding,50,2048,1.0,0.0146484375,4.849609375,0.975250244140625,0.975250244140625,0.033351898193359375,0.88037109375,0.88037109375,1.0,0.88037109375,0.88037109375,0.92578125,0.92578125,0.9579941034317017,0.9579941034317017,0.999097466468811,0.9999998807907104,0.4627736210823059,0.017754994332790375,0.012147556990385056,0.0005189005751162767,1.0,0.639,0.24137109375,0.69091796875,0.69091796875,0.189453125,0.189453125
development,sample128_t085_p095,shuffled_embedding,1,2048,0.9794921875,0.9794921875,0.9794921875,0.9752082824707031,0.9752082824707031,0.03325653076171875,0.0,0.69091796875,0.9794921875,0.0,0.69091796875,0.0029296875,0.796875,0.11828874796628952,0.8782991170883179,0.9954341053962708,0.9999998211860657,1.4640088081359863,0.018784459680318832,0.038241464644670486,0.000565885566174984,,0.639,-0.639,0.0,0.69091796875,0.0,0.0
development,sample128_t085_p095,shuffled_embedding,5,2048,1.0,0.18359375,2.32373046875,0.9752082824707031,0.9752082824707031,0.03325653076171875,0.0,0.8623046875,1.0,0.0,0.8623046875,0.0029296875,0.91015625,0.12046029418706894,0.948706865310669,0.9986233711242676,0.9999998807907104,0.6118152141571045,0.017843838781118393,0.015909701585769653,0.0005245543434284627,,0.639,-0.639,0.0,0.69091796875,0.0,0.17138671875
development,sample128_t085_p095,shuffled_embedding,10,2048,1.0,0.1005859375,3.03076171875,0.9752082824707031,0.9752082824707031,0.03325653076171875,0.0,0.8740234375,1.0,0.0,0.8740234375,0.0029296875,0.923828125,0.1205148994922638,0.95460444688797,0.9989489912986755,0.9999998807907104,0.5130129456520081,0.017792485654354095,0.01345193013548851,0.0005209400551393628,,0.639,-0.639,0.0,0.69091796875,0.0,0.18310546875
development,sample128_t085_p095,shuffled_embedding,20,2048,1.0,0.046875,3.80859375,0.9752082824707031,0.9752082824707031,0.03325653076171875,0.0,0.87841796875,1.0,0.0,0.87841796875,0.0029296875,0.92578125,0.12053053081035614,0.9572041034698486,0.9990583062171936,0.9999998807907104,0.4769861698150635,0.017773542553186417,0.012532404623925686,0.0005206323694437742,,0.639,-0.639,0.0,0.69091796875,0.0,0.1875
development,sample128_t085_p095,shuffled_embedding,50,2048,1.0,0.0166015625,4.82763671875,0.9752082824707031,0.9752082824707031,0.03325653076171875,0.0,0.87841796875,1.0,0.0,0.87841796875,0.0029296875,0.92578125,0.12049586325883865,0.95786452293396,0.9991050362586975,0.9999998807907104,0.4650081992149353,0.017773542553186417,0.012210361659526825,0.0005206323694437742,,0.639,-0.639,0.0,0.69091796875,0.0,0.1875
development,sample128_t085_p095,nearest_wrong_embedding,1,2048,0.97900390625,0.97900390625,0.97900390625,0.9781951904296875,0.9781951904296875,0.02967071533203125,0.0,0.70703125,0.97900390625,0.0,0.70703125,0.31787109375,0.8193359375,0.3042297959327698,0.8873905539512634,0.9957082867622375,0.9999998211860657,1.2542771100997925,0.018685100600123405,0.03460113704204559,0.0005760295898653567,,0.639,-0.639,0.0,0.70703125,0.0,0.0
development,sample128_t085_p095,nearest_wrong_embedding,5,2048,1.0,0.16064453125,2.22119140625,0.9781951904296875,0.9781951904296875,0.02967071533203125,0.0009765625,0.8662109375,1.0,0.0,0.8662109375,0.3330078125,0.9150390625,0.31301990151405334,0.9529528617858887,0.9989852905273438,0.9999998807907104,0.511335015296936,0.017684396356344223,0.013878962025046349,0.0005387070123106241,0.0,0.639,-0.639,0.0,0.70703125,0.0,0.1591796875
development,sample128_t085_p095,nearest_wrong_embedding,10,2048,1.0,0.0771484375,2.81201171875,0.9781951904296875,0.9781951904296875,0.02967071533203125,0.0009765625,0.87890625,1.0,0.0,0.87890625,0.33447265625,0.923828125,0.3131664991378784,0.9579220414161682,0.9991800785064697,0.9999998807907104,0.43833786249160767,0.017640069127082825,0.012028501369059086,0.0005363235250115395,0.0,0.639,-0.639,0.0,0.70703125,0.0,0.171875
development,sample128_t085_p095,nearest_wrong_embedding,20,2048,1.0,0.03759765625,3.45703125,0.9781951904296875,0.9781951904296875,0.02967071533203125,0.0009765625,0.88232421875,1.0,0.0,0.88232421875,0.33447265625,0.92724609375,0.3133251667022705,0.9608360528945923,0.9992892742156982,0.9999998807907104,0.3956010043621063,0.01763053797185421,0.010969709604978561,0.0005359307397156954,0.0,0.639,-0.639,0.0,0.70703125,0.0,0.17529296875
development,sample128_t085_p095,nearest_wrong_embedding,50,2048,1.0,0.01220703125,4.3515625,0.9781951904296875,0.9781951904296875,0.02967071533203125,0.0009765625,0.8837890625,1.0,0.0,0.8837890625,0.3349609375,0.9287109375,0.3133106827735901,0.9612592458724976,0.999309778213501,0.9999998807907104,0.3861719071865082,0.01763053797185421,0.010735584422945976,0.0005356620531529188,0.0,0.639,-0.639,0.0,0.70703125,0.0,0.1767578125
development,sample128_t100_p098,correct_embedding,1,2048,0.9794921875,0.9794921875,0.9794921875,0.9726715087890625,0.9726715087890625,0.04803466796875,0.69091796875,0.69091796875,0.9794921875,0.69091796875,0.69091796875,0.796875,0.796875,0.8782991766929626,0.8782991766929626,0.995434045791626,0.9999998211860657,1.4640088081359863,0.018784459680318832,0.03824146091938019,0.000565885566174984,1.0,0.639,0.05191796874999999,0.69091796875,0.69091796875,0.0,0.0
development,sample128_t100_p098,correct_embedding,5,2048,0.99951171875,0.28955078125,2.7783203125,0.9726715087890625,0.9726715087890625,0.04803466796875,0.88427734375,0.88427734375,0.99951171875,0.88427734375,0.88427734375,0.92431640625,0.92431640625,0.9553625583648682,0.9553625583648682,0.9986438751220703,0.9999998807907104,0.5516472458839417,0.017738936468958855,0.014287873171269894,0.0005181404412724078,1.0,0.639,0.24527734375,0.69091796875,0.69091796875,0.193359375,0.193359375
development,sample128_t100_p098,correct_embedding,10,2048,0.99951171875,0.14990234375,3.796875,0.9726715087890625,0.9726715087890625,0.04803466796875,0.90576171875,0.90576171875,0.99951171875,0.90576171875,0.90576171875,0.94091796875,0.94091796875,0.9651885032653809,0.9651885032653809,0.9990692734718323,0.9999998807907104,0.41690757870674133,0.01759585179388523,0.010851792059838772,0.0005133991362527013,1.0,0.639,0.26676171875,0.69091796875,0.69091796875,0.21484375,0.21484375
development,sample128_t100_p098,correct_embedding,20,2048,0.99951171875,0.0751953125,4.95947265625,0.9726715087890625,0.9726715087890625,0.04803466796875,0.91552734375,0.91552734375,0.99951171875,0.91552734375,0.91552734375,0.9462890625,0.9462890625,0.9690873622894287,0.9690873622894287,0.9992346167564392,0.9999998807907104,0.3589276671409607,0.01756575144827366,0.009320258162915707,0.000511055754031986,1.0,0.639,0.27652734375,0.69091796875,0.69091796875,0.224609375,0.224609375
development,sample128_t100_p098,correct_embedding,50,2048,0.99951171875,0.0234375,6.4326171875,0.9726715087890625,0.9726715087890625,0.04803466796875,0.9169921875,0.9169921875,0.99951171875,0.9169921875,0.9169921875,0.947265625,0.947265625,0.9701213836669922,0.9701213836669922,0.999299943447113,0.9999998807907104,0.3409217596054077,0.01756575144827366,0.008839494548738003,0.0005108982441015542,1.0,0.639,0.2779921875,0.69091796875,0.69091796875,0.22607421875,0.22607421875
development,sample128_t100_p098,shuffled_embedding,1,2048,0.9794921875,0.9794921875,0.9794921875,0.9733352661132812,0.9733352661132812,0.048297882080078125,0.0,0.69091796875,0.9794921875,0.0,0.69091796875,0.0029296875,0.796875,0.11828874796628952,0.8782991170883179,0.9954341053962708,0.9999998211860657,1.4640088081359863,0.018784459680318832,0.038241464644670486,0.000565885566174984,,0.639,-0.639,0.0,0.69091796875,0.0,0.0
development,sample128_t100_p098,shuffled_embedding,5,2048,1.0,0.28271484375,2.77197265625,0.9733352661132812,0.9733352661132812,0.048297882080078125,0.0,0.88427734375,1.0,0.0,0.88427734375,0.0029296875,0.923828125,0.12040600925683975,0.9559673070907593,0.9987703561782837,0.9999998807907104,0.5434032678604126,0.017738651484251022,0.014021449722349644,0.0005183276953175664,,0.639,-0.639,0.0,0.69091796875,0.0,0.193359375
development,sample128_t100_p098,shuffled_embedding,10,2048,1.0,0.14892578125,3.79345703125,0.9733352661132812,0.9733352661132812,0.048297882080078125,0.0,0.90576171875,1.0,0.0,0.90576171875,0.0029296875,0.93994140625,0.12047713249921799,0.9648309946060181,0.9990688562393188,0.9999998807907104,0.4211367964744568,0.017592478543519974,0.01103459857404232,0.0005136716063134372,,0.639,-0.639,0.0,0.69091796875,0.0,0.21484375
development,sample128_t100_p098,shuffled_embedding,20,2048,1.0,0.07421875,4.94970703125,0.9733352661132812,0.9733352661132812,0.048297882080078125,0.0,0.91162109375,1.0,0.0,0.91162109375,0.0029296875,0.94287109375,0.12060879915952682,0.9677523374557495,0.9992688894271851,0.9999998807907104,0.3665439486503601,0.017569707706570625,0.009584345854818821,0.0005121015710756183,,0.639,-0.639,0.0,0.69091796875,0.0,0.220703125
development,sample128_t100_p098,shuffled_embedding,50,2048,1.0,0.025390625,6.4736328125,0.9733352661132812,0.9733352661132812,0.048297882080078125,0.0,0.9140625,1.0,0.0,0.9140625,0.0029296875,0.94482421875,0.12055943161249161,0.9687578678131104,0.9993472099304199,0.9999998807907104,0.34244072437286377,0.017561709508299828,0.008961700834333897,0.0005116319516673684,,0.639,-0.639,0.0,0.69091796875,0.0,0.22314453125
development,sample128_t100_p098,nearest_wrong_embedding,1,2048,0.97900390625,0.97900390625,0.97900390625,0.9765739440917969,0.9765739440917969,0.04261016845703125,0.0,0.70703125,0.97900390625,0.0,0.70703125,0.31787109375,0.8193359375,0.3042297959327698,0.8873905539512634,0.9957082867622375,0.9999998211860657,1.2542771100997925,0.018685100600123405,0.03460113704204559,0.0005760295898653567,,0.639,-0.639,0.0,0.70703125,0.0,0.0
development,sample128_t100_p098,nearest_wrong_embedding,5,2048,1.0,0.2470703125,2.62353515625,0.9765739440917969,0.9765739440917969,0.04261016845703125,0.0009765625,0.888671875,1.0,0.0,0.888671875,0.333984375,0.92626953125,0.3132338523864746,0.9601657390594482,0.9991183876991272,0.9999998807907104,0.4404791593551636,0.017603738233447075,0.01176696177572012,0.0005345212994143367,0.0,0.639,-0.639,0.0,0.70703125,0.0,0.181640625
development,sample128_t100_p098,nearest_wrong_embedding,10,2048,1.0,0.11767578125,3.51953125,0.9765739440917969,0.9765739440917969,0.04261016845703125,0.0009765625,0.90625,1.0,0.0,0.90625,0.33544921875,0.9384765625,0.3136504888534546,0.9667062759399414,0.9993785619735718,0.9999998807907104,0.3529101014137268,0.01752638816833496,0.00946134515106678,0.0005303015932440758,0.0,0.639,-0.639,0.0,0.70703125,0.0,0.19921875
development,sample128_t100_p098,nearest_wrong_embedding,20,2048,1.0,0.06005859375,4.46923828125,0.9765739440917969,0.9765739440917969,0.04261016845703125,0.0009765625,0.91357421875,1.0,0.0,0.91357421875,0.3359375,0.943359375,0.31383925676345825,0.9714197516441345,0.999529242515564,0.9999998807907104,0.29350292682647705,0.017504682764410973,0.008000683970749378,0.000528587494045496,0.0,0.639,-0.639,0.0,0.70703125,0.0,0.20654296875
development,sample128_t100_p098,nearest_wrong_embedding,50,2048,1.0,0.02294921875,5.7763671875,0.9765739440917969,0.9765739440917969,0.04261016845703125,0.0009765625,0.91650390625,1.0,0.0,0.91650390625,0.3369140625,0.94482421875,0.3138588070869446,0.9723624587059021,0.9995676279067993,0.9999998807907104,0.27734100818634033,0.017493780702352524,0.00756491906940937,0.0005281849298626184,0.0,0.639,-0.639,0.0,0.70703125,0.0,0.20947265625
