model,display_name,NPD_at_100,deviation_DFT_HOMO_ENERGY,deviation_DFT_HOMO_LUMO_GAP,deviation_log1p_DFT_DIPOLE_TOT,heavy_atom_decile,property_neighbor_recall_at_100,rows
gmolai,gMolAI,0.7577922703763891,0.6246610588983248,0.609322122790243,0.6778312853502898,1,0.018458000000000002,5000
gmolai,gMolAI,0.7844170729718809,0.580561826782131,0.5449806221963579,0.6658753862177114,2,0.01254,5000
gmolai,gMolAI,0.8047540845131325,0.5696761968828217,0.5182982430606111,0.6665414974737961,3,0.010568,5000
gmolai,gMolAI,0.8143036242535372,0.5620972902882345,0.5208352596916863,0.6719314464646602,4,0.010230000000000001,5000
gmolai,gMolAI,0.8155812849011778,0.5618467870203021,0.5102003910512634,0.6698092917854193,5,0.010674000000000001,5000
gmolai,gMolAI,0.8254722200544078,0.558233887007945,0.504097899839485,0.6715740301669113,6,0.010494,5000
gmolai,gMolAI,0.8312437227558624,0.5505098971877458,0.4986682236767216,0.6666713878337092,7,0.009584,5000
gmolai,gMolAI,0.8272731925566015,0.5505931322365198,0.49229930557885415,0.6692117660689786,8,0.009572,5000
gmolai,gMolAI,0.8251598408203683,0.539505809542814,0.49079658315144503,0.6816337445469289,9,0.010484,5000
gmolai,gMolAI,0.8159722697168162,0.5511446796008799,0.5179866931724872,0.6986144576324589,10,0.010294,5000
morgan,Morgan (binary),0.7912400258067434,0.644132336780053,0.6433939512421125,0.6815392010143873,1,0.014756,5000
morgan,Morgan (binary),0.8085229683583381,0.6118231583304119,0.5837656533000546,0.6630553666442794,2,0.011214000000000002,5000
morgan,Morgan (binary),0.8261863272523067,0.5924480336822692,0.5611004467446776,0.6682205882971807,3,0.009992000000000001,5000
morgan,Morgan (binary),0.8320022196258527,0.5837276806167316,0.5565677095376782,0.6659706028179325,4,0.010292,5000
morgan,Morgan (binary),0.8335060120840865,0.5835966092409101,0.5503073878785358,0.6670666867192638,5,0.010572,5000
morgan,Morgan (binary),0.8424966392339056,0.5803511105617322,0.5437011080261178,0.6617017545520854,6,0.010724000000000001,5000
morgan,Morgan (binary),0.8512095921327245,0.5759299363109952,0.5441924654178889,0.6637549428116625,7,0.009962,5000
morgan,Morgan (binary),0.855336294516311,0.5752971995159949,0.5449495058409612,0.6724213335224102,8,0.009869999999999999,5000
morgan,Morgan (binary),0.8544811737905443,0.5657031489510815,0.5423711500613058,0.6837629949110268,9,0.010622,5000
morgan,Morgan (binary),0.8491426780706818,0.5760323572834236,0.5749651986115144,0.7117003659700722,10,0.01009,5000
molai,MolAI,0.8414606227522053,0.7154666112389921,0.7421971655793362,0.6758628283984365,1,0.0115,5000
molai,MolAI,0.8725762478599598,0.6655506028734934,0.664275661498704,0.6677095583035979,2,0.007136,5000
molai,MolAI,0.8908694591559418,0.6451926213406556,0.6245518579299163,0.6775271183368524,3,0.006370000000000001,5000
molai,MolAI,0.8969440892309333,0.6423676554643662,0.6151737531605594,0.6771442934948932,4,0.006098,5000
molai,MolAI,0.8973389607414683,0.6352349693765433,0.6073798030423259,0.6790903844212423,5,0.006236,5000
molai,MolAI,0.9090522239718263,0.6350531967037283,0.5966757906153114,0.676399711965175,6,0.006104000000000001,5000
molai,MolAI,0.9123206259562863,0.63383924825406,0.5894844482407133,0.6788835085107068,7,0.0056359999999999995,5000
molai,MolAI,0.909651079484374,0.6271225611708896,0.5900548696274681,0.6830882507003313,8,0.0055980000000000005,5000
molai,MolAI,0.9048266388088807,0.619563489583951,0.5928688896254923,0.6888786133655678,9,0.006312000000000001,5000
molai,MolAI,0.9001909984821934,0.6366377013397236,0.6556430361824255,0.7028056499085251,10,0.0063880000000000004,5000
molformer,MoLFormer,0.7873446427724139,0.6301052198349498,0.6460852095401313,0.675556985192541,1,0.014716000000000002,5000
molformer,MoLFormer,0.8004774146498006,0.5939878031883807,0.5665750177261573,0.6612762479961223,2,0.010896000000000001,5000
molformer,MoLFormer,0.8122809840390152,0.5821005493912405,0.5309655159868044,0.6613144226039609,3,0.009634,5000
molformer,MoLFormer,0.8198410765141704,0.5714450421246022,0.5289318974144248,0.6629956436552571,4,0.009882,5000
molformer,MoLFormer,0.8201698684377566,0.5692402149458016,0.5264689233890254,0.6645687238501208,5,0.009982,5000
molformer,MoLFormer,0.8293566505712544,0.5649912223454316,0.5145513954311405,0.6607208600443177,6,0.009828,5000
molformer,MoLFormer,0.8346311553747117,0.5644139593442505,0.5106835239387904,0.6616238649924282,7,0.009504,5000
molformer,MoLFormer,0.8339861291025096,0.5583700328730502,0.5065217055857187,0.6647738832381641,8,0.009193999999999999,5000
molformer,MoLFormer,0.8288240296853256,0.5494219181708605,0.5047863265203911,0.6740537166243734,9,0.01034,5000
molformer,MoLFormer,0.8188767712423759,0.5577971254005436,0.5371261372863858,0.6895537217211898,10,0.010414000000000001,5000
smi_ted,SMI-TED-Light,0.7569724194361054,0.630362161518565,0.6211788285744018,0.6610880526745231,1,0.016918,5000
smi_ted,SMI-TED-Light,0.7858008531177331,0.5866066692205071,0.5553298192898402,0.6485662634341225,2,0.010874000000000002,5000
smi_ted,SMI-TED-Light,0.803286386577424,0.5779274633988979,0.5260962621752747,0.6506327064159091,3,0.009324,5000
smi_ted,SMI-TED-Light,0.8120807323412303,0.566789264653896,0.5181421080412114,0.6552888193059578,4,0.009402,5000
smi_ted,SMI-TED-Light,0.8141116742696459,0.5644890217362847,0.5184233748988116,0.6562937832564397,5,0.009486,5000
smi_ted,SMI-TED-Light,0.8265445982897595,0.5679520678572818,0.5096123597337812,0.6583358039059202,6,0.009328000000000001,5000
smi_ted,SMI-TED-Light,0.8312286374250096,0.5669546582821294,0.5029639066600233,0.654178911231635,7,0.0087,5000
smi_ted,SMI-TED-Light,0.8310966395137006,0.5589766564138205,0.4990750023137961,0.6559165297114222,8,0.008772,5000
smi_ted,SMI-TED-Light,0.8288763387956138,0.5526533788068165,0.4991128901684526,0.6729150505353289,9,0.009448,5000
smi_ted,SMI-TED-Light,0.8225806289915712,0.5652505695513994,0.535685281553086,0.692102609906299,10,0.009412,5000
molclr_gin,MolCLR-GIN,0.7980006588759959,0.6233111676231915,0.6555740602488169,0.6980700742539956,1,0.012708,5000
molclr_gin,MolCLR-GIN,0.8224708095064408,0.5891018089679536,0.5865154424400227,0.6805680167195519,2,0.009040000000000001,5000
molclr_gin,MolCLR-GIN,0.8380950347074726,0.5724694662975296,0.5537165744745909,0.6734521568539643,3,0.007606,5000
molclr_gin,MolCLR-GIN,0.8453389839175799,0.5709735211518411,0.5511990401155857,0.6781403538130188,4,0.007816,5000
molclr_gin,MolCLR-GIN,0.8427629682952009,0.5689301206623534,0.5442700554456749,0.6732132945406487,5,0.007965999999999999,5000
molclr_gin,MolCLR-GIN,0.8532391827813331,0.5699051218751598,0.5358044490192342,0.6725577441068697,6,0.008187999999999999,5000
molclr_gin,MolCLR-GIN,0.8552467853826298,0.5670545058699887,0.5315033177191197,0.6694578560285882,7,0.007462000000000001,5000
molclr_gin,MolCLR-GIN,0.8570284350331134,0.5628909511520703,0.5314637201209209,0.6774838331476514,8,0.007659999999999999,5000
molclr_gin,MolCLR-GIN,0.8572782447164351,0.5607989505313149,0.53263958554122,0.683979782923106,9,0.008152000000000001,5000
molclr_gin,MolCLR-GIN,0.8390587672806592,0.5609737035563456,0.5558825930964214,0.7050114705289479,10,0.008691999999999998,5000
kermt_v2,KERMT v2,0.7901737965268562,0.6370762731226058,0.6658359128784923,0.68083901257076,1,0.015228,5000
kermt_v2,KERMT v2,0.8139960424609939,0.6082352012198076,0.5893971683556236,0.6739351170592168,2,0.011102,5000
kermt_v2,KERMT v2,0.8279168293165617,0.5896329626778227,0.5538017835330182,0.6732272778136906,3,0.009764,5000
kermt_v2,KERMT v2,0.8335070119965334,0.580087561802728,0.5487926196943338,0.6756909598767756,4,0.009822,5000
kermt_v2,KERMT v2,0.8321654125732366,0.5774314177606237,0.5436752059855539,0.6772842423633694,5,0.010575999999999999,5000
kermt_v2,KERMT v2,0.8417367378717113,0.5756479598977235,0.5264358038310881,0.6705748319622089,6,0.010606,5000
kermt_v2,KERMT v2,0.8452849477316511,0.5648102410743495,0.5262217170109122,0.6727026299512009,7,0.01014,5000
kermt_v2,KERMT v2,0.8444018797104067,0.5618468453337633,0.5261739162932706,0.6715525851798642,8,0.009846,5000
kermt_v2,KERMT v2,0.8448756220072653,0.5582391623014065,0.5237301770276394,0.6833022372108316,9,0.010822,5000
kermt_v2,KERMT v2,0.8424987110830782,0.5654686256397385,0.5634041836387856,0.7028544808625004,10,0.010168,5000
morgan_count,Morgan (count sensitivity),0.7940777926363698,0.633038039916912,0.6555962643711652,0.6864746563374752,1,0.014694,5000
morgan_count,Morgan (count sensitivity),0.8078705193571475,0.5991369653889356,0.5827310322197435,0.667188827714047,2,0.011144,5000
morgan_count,Morgan (count sensitivity),0.823586375979063,0.5799187349766077,0.5559509661169586,0.6726036360330445,3,0.009698,5000
morgan_count,Morgan (count sensitivity),0.8291589589347588,0.5730699827328805,0.548961600892456,0.6710753910416962,4,0.010106,5000
morgan_count,Morgan (count sensitivity),0.8282038777899997,0.5724663966840942,0.5430967946732959,0.6719734728812737,5,0.010502,5000
morgan_count,Morgan (count sensitivity),0.8362904490616813,0.5669749411784457,0.5343035716341709,0.6658647357169276,6,0.010684,5000
morgan_count,Morgan (count sensitivity),0.843748513529107,0.5630886995754578,0.529335411536032,0.6667714924975624,7,0.009972,5000
morgan_count,Morgan (count sensitivity),0.8468685690080118,0.5638110256645161,0.5315143034238241,0.6755773165678216,8,0.009868,5000
morgan_count,Morgan (count sensitivity),0.8451298269494427,0.5557653700056382,0.5345483856242068,0.6824223845503024,9,0.010598,5000
morgan_count,Morgan (count sensitivity),0.8415050901435385,0.5667510942064503,0.5607684499274259,0.708942511452308,10,0.010364,5000
descriptor13,13-descriptor diagnostic,0.8702547207262152,0.7192747126679218,0.8120110375957033,0.6855615820066479,1,0.012152000000000001,5000
descriptor13,13-descriptor diagnostic,0.8762134904655653,0.6482248408838881,0.675721974139372,0.6685385445547998,2,0.0074,5000
descriptor13,13-descriptor diagnostic,0.8802408781891495,0.6158519583453399,0.6182408541731976,0.6737799208363183,3,0.005872,5000
descriptor13,13-descriptor diagnostic,0.882582570608933,0.6025245181703994,0.602991805638325,0.6730915171625643,4,0.005638000000000001,5000
descriptor13,13-descriptor diagnostic,0.8818256885474614,0.6051767874864877,0.5933620495905649,0.6749213058100292,5,0.006136,5000
descriptor13,13-descriptor diagnostic,0.8880466511434286,0.6044806412210153,0.5780832274207219,0.6727005932863654,6,0.006074,5000
descriptor13,13-descriptor diagnostic,0.8926869013671221,0.5986435242141316,0.5771831651211184,0.667737146510217,7,0.005524,5000
descriptor13,13-descriptor diagnostic,0.8891113173388571,0.590278844596972,0.5758781105853035,0.6739797349015995,8,0.005534000000000001,5000
descriptor13,13-descriptor diagnostic,0.8828401657899926,0.582158407169308,0.5766744123941359,0.6782662075436723,9,0.006022,5000
descriptor13,13-descriptor diagnostic,0.868845326958998,0.5931348740866762,0.613181065617391,0.6975174082087467,10,0.006764,5000
