strategy,budget,seed_rows,raw_slot_count,raw_valid_fraction,raw_policy_acceptance_fraction,raw_duplicate_or_redundant_fraction,mean_unique_accepted_identities,median_unique_accepted_identities,mean_genuine_nonseed,mean_mmp_derivatives,mmp_fraction_among_genuine_nonseed,seed_fraction_with_1_mmp,seed_fraction_with_5_mmp,seed_fraction_with_10_mmp,mean_same_scaffold_non_mmp,same_scaffold_fraction_among_scaffold_eligible_nonseed,mean_distinct_scaffolds,median_distinct_scaffolds,mean_novel_genuine_nonseed,novel_fraction_among_genuine_nonseed,mean_novel_mmp,mean_novel_same_scaffold_non_mmp,mean_novel_scaffold_changing,mean_novel_useful_local,median_novel_useful_local,seed_fraction_with_1_novel_useful_local,seed_fraction_with_5_novel_useful_local,seed_fraction_with_10_novel_useful_local,median_seed_candidate_morgan_nonseed,q25_seed_candidate_morgan_nonseed,q75_seed_candidate_morgan_nonseed,within_pairwise_morgan_weighted_mean,within_pairwise_evaluated_pairs,within_pairwise_approximate_seed_fraction
beam1000_lp00,50,512,25600,0.6411328125,0.6410546875,0.11894461032234477,28.240234375,28.0,27.294921875,4.115234375,0.15076923076923077,0.787109375,0.388671875,0.109375,3.337890625,0.19285817550961398,16.80078125,15.0,27.291015625,0.9998568872987478,4.115234375,3.337890625,19.60546875,7.453125,6.0,0.916015625,0.611328125,0.287109375,0.5492957830429077,0.45062683522701263,0.6610169410705566,0.47837404221303276,223527,0.0
beam1000_lp00,100,512,51200,0.56400390625,0.56375,0.1274598115299335,49.189453125,47.0,48.232421875,6.587890625,0.13658635351285686,0.84375,0.55078125,0.271484375,5.181640625,0.16894603226598967,28.1640625,26.0,48.228515625,0.999919011945738,6.587890625,5.181640625,36.009765625,11.76953125,10.0,0.947265625,0.751953125,0.505859375,0.529411792755127,0.4333333373069763,0.6405372321605682,0.4505319187416109,597767,0.23046875
beam1000_lp00,250,512,128000,0.476515625,0.476171875,0.131402789171452,103.400390625,96.0,102.4375,12.58203125,0.12282641854789506,0.892578125,0.728515625,0.533203125,9.435546875,0.14789221741815936,56.3515625,49.5,102.427734375,0.9999046674801708,12.58203125,9.435546875,79.337890625,22.017578125,18.0,0.96484375,0.8828125,0.72265625,0.5074626803398132,0.4117647111415863,0.6170869320631027,0.42358094282767034,975435,0.810546875
beam1000_lp00,500,512,256000,0.42171875,0.42116796875,0.1361448353258702,181.9140625,164.0,180.9453125,21.0078125,0.11610034109062649,0.92578125,0.810546875,0.677734375,14.974609375,0.1352636931252802,96.125,83.0,180.93359375,0.9999352359569966,21.0078125,14.974609375,142.939453125,35.982421875,30.0,0.974609375,0.912109375,0.82421875,0.49180328845977783,0.3968254029750824,0.6029411554336548,0.40456500819103497,1045564,0.982421875
beam1000_lp00,1000,512,512000,0.37409375,0.373359375,0.1406151914626491,320.859375,283.5,319.88671875,35.0,0.10941373288884004,0.9453125,0.85546875,0.791015625,23.814453125,0.12330886630605652,163.41015625,138.5,319.859375,0.9999145205211806,35.0,23.814453125,257.291015625,58.814453125,49.5,0.986328125,0.935546875,0.8984375,0.4776119291782379,0.3835616409778595,0.5873016119003296,0.3878245339749693,1048576,1.0
beam1000_lp06,50,512,25600,0.63171875,0.63171875,0.1184763789265397,27.84375,27.0,26.8984375,4.0078125,0.1489979668893407,0.783203125,0.380859375,0.10546875,3.328125,0.19476232394366197,16.4375,15.0,26.89453125,0.9998547778100494,4.0078125,3.328125,19.32421875,7.3359375,6.0,0.916015625,0.59765625,0.26953125,0.5507246255874634,0.4525689333677292,0.6610169410705566,0.4811193295809315,218634,0.0
beam1000_lp06,100,512,51200,0.55681640625,0.55669921875,0.12409220082096621,48.76171875,47.0,47.806640625,6.482421875,0.13559668259999183,0.837890625,0.533203125,0.265625,5.232421875,0.1724137931034483,27.7421875,25.0,47.802734375,0.9999182906401929,6.482421875,5.232421875,35.66015625,11.71484375,9.0,0.947265625,0.748046875,0.48828125,0.529411792755127,0.43478259444236755,0.640625,0.4526245075788855,590834,0.2109375
beam1000_lp06,250,512,128000,0.46784375,0.4676328125,0.12792154635213926,101.953125,94.0,100.9921875,12.27734375,0.12156726231917692,0.896484375,0.720703125,0.51953125,9.50390625,0.15000978665100803,55.3125,48.5,100.986328125,0.9999419818983523,12.27734375,9.50390625,78.19140625,21.78125,18.0,0.96484375,0.87890625,0.724609375,0.5076923370361328,0.41333332657814026,0.6181818246841431,0.4274086661375867,970956,0.7890625
beam1000_lp06,500,512,256000,0.41098828125,0.410640625,0.13241505269966897,178.1328125,159.5,177.1640625,20.376953125,0.11501741852978789,0.92578125,0.810546875,0.66796875,14.931640625,0.1372323561588783,93.998046875,81.0,177.15625,0.9999559024562332,20.376953125,14.931640625,139.962890625,35.30859375,29.0,0.978515625,0.912109375,0.8203125,0.49253731966018677,0.4000000059604645,0.6034482717514038,0.409770446381721,1043206,0.982421875
beam1000_lp06,1000,512,512000,0.37409375,0.373359375,0.1406151914626491,320.859375,283.5,319.88671875,35.0,0.10941373288884004,0.9453125,0.85546875,0.791015625,23.814453125,0.12330886630605652,163.41015625,138.5,319.859375,0.9999145205211806,35.0,23.814453125,257.291015625,58.814453125,49.5,0.986328125,0.935546875,0.8984375,0.4776119291782379,0.3835616409778595,0.5873016119003296,0.3879077255549479,1048576,1.0
hybrid_b500_s500_t100,50,512,25600,0.8422265625,0.8422265625,0.6051203561986921,16.62890625,16.0,15.6953125,2.4140625,0.15380786460925833,0.6953125,0.21484375,0.01171875,2.10546875,0.20611167002012074,10.470703125,9.0,15.69140625,0.9997511199601792,2.4140625,2.10546875,11.03515625,4.51953125,4.0,0.861328125,0.41796875,0.109375,0.5664658546447754,0.4615384638309479,0.6774193644523621,0.4998217453773966,77018,0.0
hybrid_b500_s500_t100,100,512,51200,0.80310546875,0.80306640625,0.6357467714084198,29.251953125,29.0,28.306640625,4.1171875,0.1454495273580349,0.7890625,0.388671875,0.109375,3.357421875,0.18670290612586243,17.546875,15.0,28.302734375,0.9998620023459601,4.1171875,3.357421875,20.58984375,7.474609375,6.0,0.91796875,0.61328125,0.291015625,0.5438596606254578,0.44285714626312256,0.6578947305679321,0.4710090801374937,243741,0.013671875
hybrid_b500_s500_t100,250,512,128000,0.7532734375,0.7531484375,0.6769498874516353,60.826171875,56.0,59.8671875,7.7265625,0.1290617251729088,0.86328125,0.603515625,0.3359375,6.005859375,0.1583949313621964,34.5625,30.0,59.86328125,0.9999347514028448,7.7265625,6.005859375,45.5625,13.732421875,11.0,0.953125,0.7890625,0.56640625,0.5185185074806213,0.4202898442745209,0.6307692527770996,0.44106195094650785,723961,0.373046875
hybrid_b500_s500_t100,500,512,256000,0.72067578125,0.72050390625,0.7055446220906592,106.078125,96.0,105.11328125,12.583984375,0.11971830985915492,0.892578125,0.728515625,0.533203125,9.47265625,0.14446638457921956,58.16796875,50.0,105.103515625,0.9999070942807239,12.583984375,9.47265625,81.96875,22.056640625,18.0,0.96875,0.884765625,0.72265625,0.5,0.4067796468734741,0.6140350699424744,0.4227448692976271,975435,0.810546875
hybrid_b500_s500_t100,1000,512,512000,0.69278125,0.692505859375,0.731319962883888,186.0625,165.0,185.09375,21.009765625,0.11350877933479656,0.92578125,0.810546875,0.677734375,15.013671875,0.1324099900612356,98.912109375,83.0,185.08203125,0.9999366874894479,21.009765625,15.013671875,147.04296875,36.0234375,30.0,0.9765625,0.912109375,0.82421875,0.488095223903656,0.39344263076782227,0.6000000238418579,0.40382889664076116,1045564,0.982421875
hybrid_b500_s500_t120,50,512,25600,0.8389453125,0.8389453125,0.5977091772593938,16.875,17.0,15.939453125,2.419921875,0.15181962994731038,0.6953125,0.21484375,0.01171875,2.12109375,0.20428907896367918,10.64453125,10.0,15.935546875,0.9997549319936282,2.419921875,2.12109375,11.23828125,4.541015625,4.0,0.861328125,0.416015625,0.111328125,0.5645161271095276,0.45783132314682007,0.6744186282157898,0.4970894005353015,80252,0.0
hybrid_b500_s500_t120,100,512,51200,0.79994140625,0.79990234375,0.6293004517152972,29.65234375,28.0,28.705078125,4.119140625,0.14349867319861195,0.787109375,0.388671875,0.109375,3.3671875,0.18459422283356258,17.822265625,15.0,28.701171875,0.9998639178063551,4.119140625,3.3671875,20.951171875,7.486328125,6.0,0.91796875,0.61328125,0.2890625,0.5416666865348816,0.44117647409439087,0.6557376980781555,0.46859415161971035,250671,0.017578125
hybrid_b500_s500_t120,250,512,128000,0.7507421875,0.7506171875,0.6710519468354167,61.728515625,57.0,60.767578125,7.724609375,0.12711728216501142,0.861328125,0.603515625,0.3359375,6.03515625,0.15648470266931105,35.212890625,30.0,60.763671875,0.9999357181885385,7.724609375,6.03515625,46.419921875,13.759765625,11.0,0.953125,0.79296875,0.56640625,0.5161290168762207,0.41860464215278625,0.6296296119689941,0.44022132077554404,725985,0.373046875
hybrid_b500_s500_t120,500,512,256000,0.71779296875,0.71762109375,0.6998437763661403,107.69921875,96.0,106.734375,12.587890625,0.1179366125018299,0.892578125,0.728515625,0.533203125,9.51171875,0.14261903439079948,59.28515625,50.0,106.724609375,0.9999085053432879,12.587890625,9.51171875,83.53125,22.099609375,18.0,0.96484375,0.884765625,0.724609375,0.5,0.40506330132484436,0.6129032373428345,0.4219640358222997,975435,0.810546875
hybrid_b500_s500_t120,1000,512,512000,0.69037890625,0.690103515625,0.7260459679678943,189.056640625,165.0,188.083984375,21.01171875,0.11171455570670516,0.927734375,0.810546875,0.677734375,15.072265625,0.1306194988064316,100.814453125,84.0,188.072265625,0.9999376940570515,21.01171875,15.072265625,149.951171875,36.083984375,30.0,0.978515625,0.912109375,0.828125,0.48571428656578064,0.3913043439388275,0.5970149040222168,0.4034803658351886,1045564,0.982421875
sample_t100_p098,50,512,25600,0.965078125,0.965078125,0.9022504654739739,4.716796875,2.0,3.81640625,0.201171875,0.05271238485158649,0.150390625,0.0,0.0,0.4375,0.13558441558441559,3.642578125,1.0,3.81640625,1.0,0.201171875,0.4375,3.12109375,0.638671875,0.0,0.3359375,0.025390625,0.0,0.5116279125213623,0.3913043439388275,0.6403048187494278,0.43980594069380335,17066,0.0
sample_t100_p098,100,512,51200,0.96494140625,0.96494140625,0.9311405728165165,6.64453125,2.0,5.740234375,0.2578125,0.04491323579448792,0.173828125,0.001953125,0.0,0.552734375,0.11602209944751381,4.91015625,2.0,5.740234375,1.0,0.2578125,0.552734375,4.849609375,0.810546875,0.0,0.365234375,0.03515625,0.00390625,0.4897959232330322,0.37634408473968506,0.6138357222080231,0.4240663503831227,43861,0.009765625
sample_t100_p098,250,512,128000,0.9648359375,0.9648359375,0.9556595599964373,10.6953125,2.0,9.77734375,0.314453125,0.03216140631242509,0.19921875,0.005859375,0.0,0.708984375,0.08682452944748027,7.521484375,2.0,9.77734375,1.0,0.314453125,0.708984375,8.630859375,1.0234375,0.0,0.384765625,0.05078125,0.021484375,0.4523809552192688,0.36097999662160873,0.5692307949066162,0.41706426976661604,76990,0.044921875
sample_t100_p098,500,512,256000,0.96384375,0.96384375,0.9674075154816328,15.70703125,2.0,14.783203125,0.35546875,0.024045448540097766,0.212890625,0.0078125,0.0,0.845703125,0.06761993852732862,10.49609375,2.0,14.783203125,1.0,0.35546875,0.845703125,13.419921875,1.201171875,0.0,0.396484375,0.064453125,0.025390625,0.4367816150188446,0.350649356842041,0.5454545617103577,0.4152939743694737,96293,0.060546875
sample_t100_p098,1000,512,512000,0.964138671875,0.964138671875,0.9757190983694563,23.41015625,2.0,22.48046875,0.390625,0.01737619461337967,0.22265625,0.013671875,0.0,1.013671875,0.052506804811660375,15.09375,2.0,22.48046875,1.0,0.390625,1.013671875,20.8515625,1.404296875,0.0,0.40625,0.08203125,0.029296875,0.4156573712825775,0.33707866072654724,0.517241358757019,0.41179213160491923,109136,0.076171875
sample_t120_p0995,50,512,25600,0.95875,0.95875,0.8805003259452412,5.728515625,3.0,4.8125,0.30078125,0.0625,0.201171875,0.00390625,0.0,0.5703125,0.1456953642384106,4.330078125,2.0,4.8125,1.0,0.30078125,0.5703125,3.8515625,0.87109375,0.0,0.400390625,0.041015625,0.00390625,0.5142857432365417,0.4000000059604645,0.6499999761581421,0.44071694394594013,23142,0.0
sample_t120_p0995,100,512,51200,0.95970703125,0.95970703125,0.9111463866332906,8.52734375,3.0,7.59375,0.384765625,0.05066872427983539,0.244140625,0.005859375,0.0,0.771484375,0.12395178197064989,6.162109375,2.0,7.59375,1.0,0.384765625,0.771484375,6.30078125,1.15625,0.0,0.46484375,0.068359375,0.013671875,0.49038106203079224,0.3857142925262451,0.6140350699424744,0.42180269241662394,60259,0.017578125
sample_t120_p0995,250,512,128000,0.9590703125,0.9590703125,0.9392885362615163,14.556640625,4.0,13.609375,0.521484375,0.038318025258323764,0.302734375,0.009765625,0.0,1.1171875,0.09934258582907232,10.005859375,2.0,13.609375,1.0,0.521484375,1.1171875,11.736328125,1.638671875,1.0,0.515625,0.095703125,0.029296875,0.4590163826942444,0.3658536672592163,0.578471764922142,0.4181576157365312,103749,0.05859375
sample_t120_p0995,500,512,256000,0.9590390625,0.9590390625,0.9533631483337,22.36328125,5.0,21.40625,0.625,0.029197080291970802,0.330078125,0.01953125,0.0,1.42578125,0.07938125231567247,14.697265625,3.0,21.40625,1.0,0.625,1.42578125,19.04296875,2.05078125,1.0,0.54296875,0.125,0.041015625,0.4430379867553711,0.35483869910240173,0.5526315569877625,0.4169976516117121,135126,0.083984375
sample_t120_p0995,1000,512,512000,0.959080078125,0.959080078125,0.9636411030263782,34.87109375,5.0,33.908203125,0.73828125,0.02177293934681182,0.34375,0.02734375,0.001953125,1.833984375,0.06364591848651174,22.08203125,3.0,33.908203125,1.0,0.73828125,1.833984375,30.888671875,2.572265625,1.0,0.56640625,0.142578125,0.064453125,0.42500001192092896,0.34328359365463257,0.5268816947937012,0.4156429359597021,164873,0.099609375
sample_t150_p100,50,512,25600,0.9406640625,0.9406640625,0.8470578464349487,7.193359375,4.0,6.27734375,0.5234375,0.08338518979464841,0.318359375,0.009765625,0.0,0.83984375,0.16930881420418517,5.283203125,3.0,6.27734375,1.0,0.5234375,0.83984375,4.80078125,1.36328125,1.0,0.541015625,0.076171875,0.017578125,0.534246563911438,0.41428571939468384,0.6615384817123413,0.44946156139723553,28564,0.0
sample_t150_p100,100,512,51200,0.94021484375,0.94021484375,0.8821122167057894,11.083984375,5.5,10.146484375,0.70703125,0.06968238691049086,0.3828125,0.017578125,0.0,1.173828125,0.14644187414232504,7.86328125,3.0,10.146484375,1.0,0.70703125,1.173828125,8.08984375,1.880859375,1.0,0.619140625,0.11328125,0.02734375,0.5066666603088379,0.39759036898612976,0.6315789222717285,0.4242026249031672,81123,0.015625
sample_t150_p100,250,512,128000,0.9404765625,0.9404609375,0.9145698169946586,20.0859375,7.0,19.1328125,1.076171875,0.05624744793793385,0.48046875,0.041015625,0.001953125,1.755859375,0.11616791354945968,13.728515625,4.0,19.1328125,1.0,1.076171875,1.755859375,15.978515625,2.83203125,1.0,0.705078125,0.193359375,0.06640625,0.4749999940395355,0.37362638115882874,0.5909090638160706,0.41814924350288746,153573,0.080078125
sample_t150_p100,500,512,256000,0.94034765625,0.94033203125,0.9319929379997923,31.974609375,10.0,31.017578125,1.5390625,0.049619041622064104,0.572265625,0.087890625,0.013671875,2.353515625,0.09791733418776033,21.240234375,6.0,31.017578125,1.0,1.5390625,2.353515625,26.609375,3.892578125,2.0,0.7890625,0.2578125,0.099609375,0.4554455578327179,0.3617021143436432,0.5675675868988037,0.4171778613247386,210833,0.125
sample_t150_p100,1000,512,512000,0.94081640625,0.940802734375,0.9444830814775448,52.23046875,14.0,51.26171875,2.15625,0.04206355254133963,0.642578125,0.154296875,0.025390625,3.314453125,0.08355617563849164,33.591796875,8.0,51.26171875,1.0,2.15625,3.314453125,44.966796875,5.470703125,3.0,0.83203125,0.33984375,0.140625,0.4385964870452881,0.3510638177394867,0.54666668176651,0.4157303159297873,275427,0.171875
