strategy,budget,chemical_category,pair_rows,distinct_candidate_identities,seed_rows,seed_coverage,fraction_no_harder_than_seed,fraction_not_more_than_half_point_harder,fraction_absolute_delta_within_half_point,fraction_at_least_one_point_easier,fraction_at_least_one_point_harder,candidate_sa_count,candidate_sa_mean,candidate_sa_standard_deviation,candidate_sa_minimum,candidate_sa_q10,candidate_sa_q25,candidate_sa_median,candidate_sa_q75,candidate_sa_q90,candidate_sa_maximum,matched_seed_sa_count,matched_seed_sa_mean,matched_seed_sa_standard_deviation,matched_seed_sa_minimum,matched_seed_sa_q10,matched_seed_sa_q25,matched_seed_sa_median,matched_seed_sa_q75,matched_seed_sa_q90,matched_seed_sa_maximum,delta_sa_count,delta_sa_mean,delta_sa_standard_deviation,delta_sa_minimum,delta_sa_q10,delta_sa_q25,delta_sa_median,delta_sa_q75,delta_sa_q90,delta_sa_maximum
hybrid_b500_s500_t120,50,acyclic_non_mmp_analogue,3748,3748,191,0.0191,0.2910885805763074,0.8265741728922091,0.7881536819637139,0.006670224119530417,0.03815368196371398,3748,3.7726599892493673,0.805246200872346,1.1082036891143652,2.7764299025101824,3.1896729965211463,3.759292531260378,4.346148467550641,4.769294972745397,7.323707052979488,3748,3.595813823404778,0.7779939803086796,1.7497386972251707,2.626071955576899,3.049320035372812,3.553318579234725,4.157608986964736,4.667613554086996,6.1928962897524364,3748,0.17684616584458937,0.407335290418082,-1.8877953786116661,-0.23483775077364488,-0.02505641526787694,0.11652450000000059,0.37127190542682076,0.6849524291591294,2.1636819170732045
hybrid_b500_s500_t120,50,one_cut_mmp_derivative,22131,22121,6784,0.6784,0.35981202837648546,0.9157290678234151,0.9011341557091862,0.0016718629976051691,0.018300122000813338,22131,3.526055920537013,0.8489683688684716,1.576278835247912,2.4456520942403657,2.891921203992575,3.4481901011568477,4.111181342286702,4.701531118203091,7.517239226735507,22131,3.4300410260473737,0.833869595922831,1.5357357567113326,2.3703491746490304,2.7936894088753466,3.342165619313197,4.019615747056674,4.604765070323053,7.474651401255167,22131,0.09601489448963925,0.29405354761549424,-1.7383107632270516,-0.13289606342178573,-0.02957535951155954,0.03559081515499418,0.16330218271431063,0.43173936651583755,2.2277723016885895
hybrid_b500_s500_t120,50,scaffold_changing_analogue,121204,121112,9727,0.9727,0.32352892643807135,0.8897478631068282,0.862100260717468,0.004480050163360946,0.02974324279726742,121204,3.55500935381003,0.9111288768744884,1.03156277326892,2.4281600823577474,2.8573894375798554,3.4504546606397644,4.161502474390332,4.811498753859588,7.836073724998678,121204,3.4241590020031465,0.8847424858087007,1.5357357567113326,2.355279148264554,2.735118681110542,3.28804324447127,4.006893073630409,4.664821430926274,7.474651401255167,121204,0.13085035180688276,0.3716233325945829,-3.4852629850153125,-0.17925984162895958,-0.029401620579824428,0.0679451487226932,0.24810429369018072,0.5358925760438515,4.2338372241442475
hybrid_b500_s500_t120,50,scaffold_preserving_non_mmp_analogue,24003,23892,5602,0.5602,0.34870641169853767,0.9630046244219472,0.9552555930508686,8.332291796858727e-05,0.005082697996083823,24003,3.345732390135312,0.983230831415729,1.5387200973706712,2.2352242525204264,2.4885076386637044,3.1668901606236632,4.036501627966798,4.817468108040137,6.778668969523851,24003,3.27875174399537,0.9448754854632093,1.5357357567113326,2.22554647618054,2.452252005004098,3.094144176998303,3.958563722042612,4.681520834305495,6.728092177859958,24003,0.06698064613994176,0.20850337774556973,-1.0972572407398156,-0.10145779881656729,-0.022695723306545013,0.03193981900452414,0.1287589718017994,0.2930104659384619,2.119209504532429
hybrid_b500_s500_t120,100,acyclic_non_mmp_analogue,7015,7014,191,0.0191,0.2705630791161796,0.7921596578759801,0.7578047042052745,0.006272273699215966,0.04975053456878118,7015,3.8134950968422774,0.7844975705431279,1.1082036891143652,2.834318001081506,3.2496015542261896,3.807646575836838,4.366606937223944,4.79235845095133,7.323707052979488,7015,3.5980831295049853,0.7651665009122187,1.7497386972251707,2.634169273474944,3.0519759643038036,3.5776053000394645,4.157608986964736,4.63719010805347,6.1928962897524364,7015,0.21541196733729223,0.42919707423332104,-1.9134176476188145,-0.22145366257112967,-0.014062153846152725,0.1515963990022815,0.430651591629418,0.7470467224177024,2.2641085020242917
hybrid_b500_s500_t120,100,one_cut_mmp_derivative,36962,36940,7676,0.7676,0.33320707753909423,0.8798495752394351,0.8631838103998701,0.0018397272874844436,0.02737947080785672,36962,3.556032249136333,0.8460184682855437,1.5585453984252542,2.4787823719615805,2.926168765273931,3.481670705598087,4.138332715513542,4.7229481429414,7.517239226735507,36962,3.4218737168339377,0.8307025370140149,1.5357357567113326,2.366101742395937,2.788379364283344,3.332972017567828,4.011007085874015,4.5935709667918285,7.474651401255167,36962,0.13415853230239522,0.3326844328422815,-1.7745961509674917,-0.12965102020033833,-0.024504826359403875,0.05142699552116081,0.2253845300396069,0.5812241101473181,2.2364076863039735
hybrid_b500_s500_t120,100,scaffold_changing_analogue,227643,227359,9853,0.9853,0.3050653874707327,0.861963688758275,0.8326414605325004,0.004818948968340779,0.03960148126672026,227643,3.5957822542566618,0.9173421961995599,1.0,2.4552933917589392,2.895908544014312,3.4979538531552423,4.209940699980914,4.853072193597977,7.910050795295055,227643,3.434080284929001,0.8864501441542776,1.5357357567113326,2.358320192607252,2.744631389906372,3.299661042932449,4.019045332278264,4.672990788697303,7.474651401255167,227643,0.16170196932766093,0.4040093539694848,-3.4852629850153125,-0.18503381774759867,-0.025278356045039363,0.09047435897435996,0.29693801173012657,0.6254144899698882,4.2338372241442475
hybrid_b500_s500_t120,100,scaffold_preserving_non_mmp_analogue,38913,38680,6316,0.6316,0.3285534397245137,0.9471898851283632,0.9390949040166525,0.00017988846914912754,0.008069282758975149,38913,3.3722343445040908,0.9986375574040056,1.5387200973706712,2.2424831960644305,2.497748647666528,3.195239112295889,4.071834587544016,4.8697558376837415,6.788687739990135,38913,3.2851931452962546,0.9523667488832822,1.5357357567113326,2.2305094029255397,2.448585367035827,3.0959009445396592,3.9772878839043555,4.703112363984248,6.728092177859958,38913,0.08704119920783647,0.2339791371360968,-1.2228845597770555,-0.10574849989064532,-0.02081854583772369,0.042933566433566384,0.15755857988165545,0.35130438574747963,2.6291003087327196
hybrid_b500_s500_t120,250,acyclic_non_mmp_analogue,15933,15929,191,0.0191,0.24433565555764766,0.7451201907989707,0.711353794012427,0.006087993472666792,0.06891357559781586,15933,3.859477985441001,0.776705487867059,1.0945154774355945,2.8742061996872037,3.2952123354186167,3.85817565651226,4.39793390435906,4.827523391096879,7.323707052979488,15933,3.5931666911464815,0.7616312800810021,1.7497386972251707,2.634169273474944,3.0547861897232753,3.5776053000394645,4.129395195073035,4.63719010805347,6.1928962897524364,15933,0.2663112942945191,0.46161604498835973,-2.5916805340523794,-0.21089159768892074,0.003914098576255576,0.20086171012695875,0.5075796897018607,0.8576526028587396,2.5674969170732043
hybrid_b500_s500_t120,250,one_cut_mmp_derivative,71237,71181,8495,0.8495,0.2889509664921319,0.8229712087819532,0.8052837710740205,0.002105647346182461,0.043825540098544294,71237,3.610653551227508,0.8488910777269371,1.5080295670664619,2.5275644346950674,2.979292362172048,3.540083769630904,4.19326113229025,4.779290975055472,7.517239226735507,71237,3.4135676248312894,0.8283801707958292,1.5357357567113326,2.3588633240887305,2.7828872285951363,3.322639056910944,3.998190828645831,4.5860984651949686,7.474651401255167,71237,0.19708592639621914,0.37889689363793655,-2.0061207539465764,-0.11864262520328007,-0.012868681318680686,0.09142533848354084,0.34538037521731635,0.7449733066563419,2.315514059930349
hybrid_b500_s500_t120,250,scaffold_changing_analogue,510000,508964,9929,0.9929,0.2800941176470588,0.821921568627451,0.7910607843137255,0.005258823529411765,0.053994117647058824,510000,3.6518940246589993,0.9254873510588969,1.0,2.4947709044272077,2.9473151775023108,3.562359472219524,4.2720850667440375,4.913620193794868,7.932278686591964,510000,3.446569569522178,0.8887911269473756,1.5357357567113326,2.3660232894573507,2.755519021921481,3.313941452890033,4.031419608748463,4.688839505938612,7.474651401255167,510000,0.20532445513682204,0.4425166223784909,-3.7804714047560335,-0.1881748687655925,-0.01628833410431607,0.12485931229446567,0.3686813560537294,0.7443629101276199,4.3720388773138845
hybrid_b500_s500_t120,250,scaffold_preserving_non_mmp_analogue,72319,71707,7155,0.7155,0.30274201800356754,0.9213899528477993,0.9129827569518384,0.00029038012140654597,0.01250017284531036,72319,3.422035641576685,1.020804096972095,1.5387200973706712,2.263506825855448,2.518560210455143,3.250083502611851,4.1442925971644105,4.950308545625809,6.866030157862557,72319,3.304991100881392,0.9633804863418491,1.5357357567113326,2.238648000684625,2.452252005004098,3.115985005497066,4.021906949513513,4.739186015453628,6.728092177859958,72319,0.11704454069529227,0.265140508666248,-1.5289296187547645,-0.11110550166970423,-0.016721610576923673,0.061778280542987396,0.20563611833828332,0.43638377497227976,2.6291003087327196
hybrid_b500_s500_t120,500,acyclic_non_mmp_analogue,28929,28913,191,0.0191,0.22202634035051333,0.7067648380517819,0.6749628400566905,0.005288810536140206,0.08513947941511978,28929,3.9090196472702354,0.7668923814308494,1.0945154774355945,2.931015486877829,3.3547498694154694,3.911096168399503,4.429940689301304,4.86709817682371,7.550507052979488,28929,3.597918424258466,0.7587523009731822,1.7497386972251707,2.634169273474944,3.0547861897232753,3.5776053000394645,4.129395195073035,4.63719010805347,6.1928962897524364,28929,0.3111012230117692,0.478599184429566,-2.639103070919358,-0.18988538705475208,0.022984615384617157,0.24693692530569855,0.5680862877025765,0.9359045016554932,2.5674969170732043
hybrid_b500_s500_t120,500,one_cut_mmp_derivative,117744,117631,8912,0.8912,0.2529046066041582,0.7738823209675227,0.7561998912895774,0.002361054491099334,0.05875458622095393,117744,3.656907507771796,0.8509959894216572,1.4645403128697438,2.5694239850126612,3.0307060327000683,3.5900411111118053,4.236440345202627,4.824628230647542,7.517239226735507,117744,3.4069333367713663,0.8275421755567979,1.5357357567113326,2.358320192607252,2.7773335282618756,3.313897413370915,3.985853974456889,4.578711242022654,7.474651401255167,117744,0.24997417100042962,0.4082986781149491,-2.1833436178225085,-0.1068010968197976,-3.656892095005304e-05,0.13943782529299575,0.451293527233555,0.8392916656594466,2.315514059930349
hybrid_b500_s500_t120,500,scaffold_changing_analogue,927259,924854,9961,0.9961,0.26146955704932495,0.7900759119081077,0.7580697518169142,0.00562302441928307,0.06667500665941231,927259,3.6976799701651335,0.9297523801357781,1.0,2.53255557121374,2.991950465910185,3.6141377844689373,4.320838076357246,4.962212055137547,7.990171266395389,927259,3.4578769242576652,0.891115233827727,1.5357357567113326,2.370717972571372,2.7647941462867376,3.325829416706026,4.048417789534302,4.702839235955098,7.474651401255167,927259,0.2398030459074684,0.4693227865323134,-4.538668006829428,-0.18855861727093243,-0.006903123708693393,0.1547290384615394,0.4260410563990371,0.8289523542834757,4.3720388773138845
hybrid_b500_s500_t120,500,scaffold_preserving_non_mmp_analogue,114878,113712,7701,0.7701,0.28032347359807797,0.8967165166524487,0.8880725639373944,0.00033949059001723566,0.01706157837009697,114878,3.4667187816802483,1.0335547822213664,1.5387200973706712,2.2840728303564735,2.548733424311333,3.2992250454237335,4.212098730059456,5.014919500585083,6.994313218613404,114878,3.3215073358879317,0.9701236624438228,1.5357357567113326,2.24301421466118,2.458024258982533,3.134451588362735,4.043867898151698,4.753356725756711,6.728092177859958,114878,0.14521144579231582,0.2887511695146343,-2.1660157819761423,-0.10970890129657576,-0.01064854645354818,0.08108788902936492,0.2536150975067999,0.5089118801631379,2.7883259497583612
hybrid_b500_s500_t120,1000,acyclic_non_mmp_analogue,52360,52299,191,0.0191,0.2086898395721925,0.6723644003055768,0.6415393430099312,0.0050611153552330024,0.1023109243697479,52360,3.9494899459547805,0.7589512636623137,1.0945154774355945,2.9781998473475078,3.400779397386416,3.9591545388161573,4.459793209611241,4.8965656490475515,7.731424637703942,52360,3.6010372211322554,0.7571008183431204,1.7497386972251707,2.6392751544987014,3.0547861897232753,3.5801946645028826,4.157608986964736,4.63719010805347,6.1928962897524364,52360,0.34845272482252565,0.49795036679155846,-2.782886460278778,-0.1802445221989208,0.03925067713976027,0.28625146701917625,0.6204276908067632,1.0091247019807728,3.000512960827363
hybrid_b500_s500_t120,1000,one_cut_mmp_derivative,194690,194492,9162,0.9162,0.21861934357183213,0.726025990035441,0.70904514869793,0.002542503467050182,0.07463660177718424,194690,3.704882197267069,0.8529778220217296,1.3907233795896552,2.6152942786168025,3.0796793213292855,3.642103511650636,4.287016065951358,4.871473246874608,7.620687938998525,194690,3.402618899578252,0.8279197993546058,1.5357357567113326,2.357787325421386,2.7713373493876983,3.3059869359769785,3.9846877054590224,4.567804517946047,7.474651401255167,194690,0.3022632976888152,0.42918358158658926,-2.238754872328343,-0.09232054030458867,0.016161773780472677,0.2005434881286865,0.5454260086555913,0.9134997107232424,2.355695910587966
hybrid_b500_s500_t120,1000,scaffold_changing_analogue,1677033,1671881,9982,0.9982,0.2440643684411696,0.7575682768317618,0.7253518565227995,0.005875257076038456,0.08017910202124824,1677033,3.7457025010399865,0.9323016193189394,1.0,2.5729652635870663,3.0418201423880866,3.66833451075402,4.370914325260136,5.0093624287033744,7.997564277533724,1677033,3.4703628429277065,0.8931461722674058,1.5357357567113326,2.377594892906954,2.775931716567653,3.3398824543396692,4.062375655531298,4.7195271504964005,7.474651401255167,1677033,0.27533965811227823,0.49280805915573817,-4.538668006829428,-0.18528158890891516,0.0042491803278679185,0.1869765611216314,0.4861912433101434,0.9071906396034025,4.439231185006191
hybrid_b500_s500_t120,1000,scaffold_preserving_non_mmp_analogue,182363,180183,8196,0.8196,0.25773868602731914,0.8692607601322637,0.860711876860986,0.00036739908863091746,0.022416827974972995,182363,3.5156783443061035,1.0441572134259547,1.5387200973706712,2.3060951966596486,2.5848434562727993,3.354857986025767,4.290770786028897,5.079027129135665,6.994313218613404,182363,3.3399778693080755,0.9779416350260375,1.5357357567113326,2.2536413127398625,2.4683056648790664,3.1571393791313094,4.080276703358965,4.780158940823768,6.81076220666053,182363,0.17570047499802705,0.3094375493975187,-2.1660157819761423,-0.10601478273450765,-0.003113736263736122,0.10542932711134068,0.3053972850678739,0.5793011392184619,2.7883259497583612
