strategy,budget,bin_left,bin_right,evaluated_pair_count,fraction
hybrid_b500_s500_t120,50,0.0,0.01,3,1.6980821294402724e-06
hybrid_b500_s500_t120,50,0.01,0.02,6,3.396164258880545e-06
hybrid_b500_s500_t120,50,0.02,0.03,92,5.207451863616836e-05
hybrid_b500_s500_t120,50,0.03,0.04,7,3.9621916353606355e-06
hybrid_b500_s500_t120,50,0.04,0.05,49,2.773534144752445e-05
hybrid_b500_s500_t120,50,0.05,0.06,102,5.773479240096926e-05
hybrid_b500_s500_t120,50,0.06,0.07,151,8.547013384849371e-05
hybrid_b500_s500_t120,50,0.07,0.08,62,3.5093697341765635e-05
hybrid_b500_s500_t120,50,0.08,0.09,113,6.396109354225026e-05
hybrid_b500_s500_t120,50,0.09,0.1,155,8.773424335441408e-05
hybrid_b500_s500_t120,50,0.1,0.11,272,0.00015395944640258472
hybrid_b500_s500_t120,50,0.11,0.12,434,0.00024565588139235944
hybrid_b500_s500_t120,50,0.12,0.13,695,0.0003933890266536631
hybrid_b500_s500_t120,50,0.13,0.14,955,0.0005405561445384867
hybrid_b500_s500_t120,50,0.14,0.15,1379,0.0007805517521660453
hybrid_b500_s500_t120,50,0.15,0.16,1856,0.0010505468107470486
hybrid_b500_s500_t120,50,0.16,0.17,2721,0.001540160491402327
hybrid_b500_s500_t120,50,0.17,0.18,3408,0.0019290212990441496
hybrid_b500_s500_t120,50,0.18,0.19,4664,0.0026399516839031435
hybrid_b500_s500_t120,50,0.19,0.2,4957,0.0028057977052118105
hybrid_b500_s500_t120,50,0.2,0.21,8549,0.004838968041528296
hybrid_b500_s500_t120,50,0.21,0.22,9114,0.005158773509239548
hybrid_b500_s500_t120,50,0.22,0.23,11279,0.006384222779318945
hybrid_b500_s500_t120,50,0.23,0.24,12483,0.007065719740600974
hybrid_b500_s500_t120,50,0.24,0.25,12408,0.007023267687364967
hybrid_b500_s500_t120,50,0.25,0.26,20134,0.01139639519805015
hybrid_b500_s500_t120,50,0.26,0.27,19498,0.01103640178660881
hybrid_b500_s500_t120,50,0.27,0.28,20748,0.011743936007208924
hybrid_b500_s500_t120,50,0.28,0.29,24529,0.013884085517680148
hybrid_b500_s500_t120,50,0.29,0.3,24110,0.01364692004693499
hybrid_b500_s500_t120,50,0.3,0.31,30846,0.017459680454904883
hybrid_b500_s500_t120,50,0.31,0.32,29977,0.016967802664743684
hybrid_b500_s500_t120,50,0.32,0.33,36285,0.020538303355580097
hybrid_b500_s500_t120,50,0.33,0.34,34580,0.01957322667868154
hybrid_b500_s500_t120,50,0.34,0.35000000000000003,35891,0.02031528856924694
hybrid_b500_s500_t120,50,0.35000000000000003,0.36,40425,0.02288165669420767
hybrid_b500_s500_t120,50,0.36,0.37,42631,0.02413031308672275
hybrid_b500_s500_t120,50,0.37,0.38,42192,0.02388182706844799
hybrid_b500_s500_t120,50,0.38,0.39,45377,0.025684624262537082
hybrid_b500_s500_t120,50,0.39,0.4,38190,0.02161658550777467
hybrid_b500_s500_t120,50,0.4,0.41000000000000003,53782,0.030442084361852244
hybrid_b500_s500_t120,50,0.41000000000000003,0.42,45486,0.02574632124657341
hybrid_b500_s500_t120,50,0.42,0.43,47333,0.02679177381093214
hybrid_b500_s500_t120,50,0.43,0.44,47254,0.02674705764819021
hybrid_b500_s500_t120,50,0.44,0.45,47658,0.02697573270828817
hybrid_b500_s500_t120,50,0.45,0.46,47562,0.026921394080146082
hybrid_b500_s500_t120,50,0.46,0.47000000000000003,48530,0.02746930858057881
hybrid_b500_s500_t120,50,0.47000000000000003,0.48,45061,0.025505759611569374
hybrid_b500_s500_t120,50,0.48,0.49,42387,0.02399220240686161
hybrid_b500_s500_t120,50,0.49,0.5,30273,0.017135346768181788
hybrid_b500_s500_t120,50,0.5,0.51,63968,0.03620763921867845
hybrid_b500_s500_t120,50,0.51,0.52,35812,0.020270572406505014
hybrid_b500_s500_t120,50,0.52,0.53,41072,0.02324787640679029
hybrid_b500_s500_t120,50,0.53,0.54,37744,0.021364137297864547
hybrid_b500_s500_t120,50,0.54,0.55,34959,0.019787751054367496
hybrid_b500_s500_t120,50,0.55,0.56,34651,0.01961341462241163
hybrid_b500_s500_t120,50,0.56,0.5700000000000001,34510,0.019533604762327936
hybrid_b500_s500_t120,50,0.5700000000000001,0.58,30131,0.017054970880721616
hybrid_b500_s500_t120,50,0.58,0.59,29466,0.016678562675362357
hybrid_b500_s500_t120,50,0.59,0.6,24270,0.013737484427171804
hybrid_b500_s500_t120,50,0.6,0.61,32619,0.018463246993404084
hybrid_b500_s500_t120,50,0.61,0.62,25270,0.014303511803651895
hybrid_b500_s500_t120,50,0.62,0.63,25713,0.014554261931432576
hybrid_b500_s500_t120,50,0.63,0.64,22792,0.01290089596473423
hybrid_b500_s500_t120,50,0.64,0.65,22104,0.012511469129715928
hybrid_b500_s500_t120,50,0.65,0.66,20724,0.011730351350173402
hybrid_b500_s500_t120,50,0.66,0.67,21467,0.01215090969089811
hybrid_b500_s500_t120,50,0.67,0.68,19499,0.01103696781398529
hybrid_b500_s500_t120,50,0.68,0.6900000000000001,18987,0.010747161797227485
hybrid_b500_s500_t120,50,0.6900000000000001,0.7000000000000001,15009,0.008495504893589684
hybrid_b500_s500_t120,50,0.7000000000000001,0.71,17903,0.010133588121123067
hybrid_b500_s500_t120,50,0.71,0.72,14209,0.008042682992405611
hybrid_b500_s500_t120,50,0.72,0.73,13792,0.007806649576413413
hybrid_b500_s500_t120,50,0.73,0.74,11940,0.0067583668751722845
hybrid_b500_s500_t120,50,0.74,0.75,9272,0.005248205834723402
hybrid_b500_s500_t120,50,0.75,0.76,11761,0.006657047974782349
hybrid_b500_s500_t120,50,0.76,0.77,8356,0.004729724757867639
hybrid_b500_s500_t120,50,0.77,0.78,7064,0.003998417387455362
hybrid_b500_s500_t120,50,0.78,0.79,6532,0.0036972908231679533
hybrid_b500_s500_t120,50,0.79,0.8,4380,0.002479199908982798
hybrid_b500_s500_t120,50,0.8,0.81,6254,0.0035399352125064882
hybrid_b500_s500_t120,50,0.81,0.8200000000000001,4892,0.0027690059257406046
hybrid_b500_s500_t120,50,0.8200000000000001,0.8300000000000001,5095,0.0028839094831660628
hybrid_b500_s500_t120,50,0.8300000000000001,0.84,4132,0.0023388251196157354
hybrid_b500_s500_t120,50,0.84,0.85,5095,0.0028839094831660628
hybrid_b500_s500_t120,50,0.85,0.86,4860,0.0027508930496932416
hybrid_b500_s500_t120,50,0.86,0.87,4008,0.002268637724932204
hybrid_b500_s500_t120,50,0.87,0.88,3126,0.0017694015788767639
hybrid_b500_s500_t120,50,0.88,0.89,2909,0.0016465736381805842
hybrid_b500_s500_t120,50,0.89,0.9,2022,0.0011445073552427438
hybrid_b500_s500_t120,50,0.9,0.91,1857,0.0010511128381235286
hybrid_b500_s500_t120,50,0.91,0.92,1510,0.0008547013384849372
hybrid_b500_s500_t120,50,0.92,0.93,1888,0.0010686596867944115
hybrid_b500_s500_t120,50,0.93,0.9400000000000001,1247,0.0007058361384706732
hybrid_b500_s500_t120,50,0.9400000000000001,0.9500000000000001,1226,0.0006939495635645914
hybrid_b500_s500_t120,50,0.9500000000000001,0.96,887,0.0005020662829378406
hybrid_b500_s500_t120,50,0.96,0.97,450,0.00025471231941604085
hybrid_b500_s500_t120,50,0.97,0.98,818,0.0004630103939607143
hybrid_b500_s500_t120,50,0.98,0.99,283,0.0001601857475438657
hybrid_b500_s500_t120,50,0.99,1.0,1511,0.0008552673658614173
hybrid_b500_s500_t120,100,0.0,0.01,16,2.844526366803808e-06
hybrid_b500_s500_t120,100,0.01,0.02,74,1.3155934446467614e-05
hybrid_b500_s500_t120,100,0.02,0.03,401,7.129094206802045e-05
hybrid_b500_s500_t120,100,0.03,0.04,64,1.1378105467215233e-05
hybrid_b500_s500_t120,100,0.04,0.05,124,2.2045079342729516e-05
hybrid_b500_s500_t120,100,0.05,0.06,437,7.769112639332902e-05
hybrid_b500_s500_t120,100,0.06,0.07,782,0.00013902622617753614
hybrid_b500_s500_t120,100,0.07,0.08,625,0.00011111431120327377
hybrid_b500_s500_t120,100,0.08,0.09,771,0.0001370706143003585
hybrid_b500_s500_t120,100,0.09,0.1,894,0.0001589379107451628
hybrid_b500_s500_t120,100,0.1,0.11,1357,0.000241251392484548
hybrid_b500_s500_t120,100,0.11,0.12,1924,0.00034205429560815796
hybrid_b500_s500_t120,100,0.12,0.13,3004,0.0005340598253674151
hybrid_b500_s500_t120,100,0.13,0.14,3983,0.000708109282436223
hybrid_b500_s500_t120,100,0.14,0.15,5468,0.0009721168858552016
hybrid_b500_s500_t120,100,0.15,0.16,7693,0.0013676838337388561
hybrid_b500_s500_t120,100,0.16,0.17,10634,0.0018905433365369812
hybrid_b500_s500_t120,100,0.17,0.18,13766,0.0024473593728388267
hybrid_b500_s500_t120,100,0.18,0.19,18811,0.0033442740928716526
hybrid_b500_s500_t120,100,0.19,0.2,19317,0.003434232239221823
hybrid_b500_s500_t120,100,0.2,0.21,34323,0.006102042405487945
hybrid_b500_s500_t120,100,0.21,0.22,36026,0.006404806680654625
hybrid_b500_s500_t120,100,0.22,0.23,44576,0.00792485045791541
hybrid_b500_s500_t120,100,0.23,0.24,49539,0.008807186980318366
hybrid_b500_s500_t120,100,0.24,0.25,49736,0.008842210211209638
hybrid_b500_s500_t120,100,0.25,0.26,79463,0.014127162417833189
hybrid_b500_s500_t120,100,0.26,0.27,78722,0.013995425290470587
hybrid_b500_s500_t120,100,0.27,0.28,82642,0.014692334250337521
hybrid_b500_s500_t120,100,0.28,0.29,98641,0.017536682834243405
hybrid_b500_s500_t120,100,0.29,0.3,95938,0.017056135661151484
hybrid_b500_s500_t120,100,0.3,0.31,122116,0.021710136363038368
hybrid_b500_s500_t120,100,0.31,0.32,118361,0.021042561581329097
hybrid_b500_s500_t120,100,0.32,0.33,142818,0.025390597915886645
hybrid_b500_s500_t120,100,0.33,0.34,133112,0.023665037108624283
hybrid_b500_s500_t120,100,0.34,0.35000000000000003,137188,0.024389680200567553
hybrid_b500_s500_t120,100,0.35000000000000003,0.36,153059,0.027211272573539006
hybrid_b500_s500_t120,100,0.36,0.37,161202,0.02865895871134422
hybrid_b500_s500_t120,100,0.37,0.38,156684,0.027855735578517993
hybrid_b500_s500_t120,100,0.38,0.39,165788,0.029474271081229363
hybrid_b500_s500_t120,100,0.39,0.4,137210,0.02439359142432191
hybrid_b500_s500_t120,100,0.4,0.41000000000000003,191154,0.03398391207000095
hybrid_b500_s500_t120,100,0.41000000000000003,0.42,160183,0.028477797938358404
hybrid_b500_s500_t120,100,0.42,0.43,162496,0.028889009781259477
hybrid_b500_s500_t120,100,0.43,0.44,160582,0.02854873331463057
hybrid_b500_s500_t120,100,0.44,0.45,159618,0.028377350601030644
hybrid_b500_s500_t120,100,0.45,0.46,158048,0.02809823145128802
hybrid_b500_s500_t120,100,0.46,0.47000000000000003,156682,0.027855380012722145
hybrid_b500_s500_t120,100,0.47000000000000003,0.48,143945,0.02559095924184839
hybrid_b500_s500_t120,100,0.48,0.49,131554,0.023388051353656764
hybrid_b500_s500_t120,100,0.49,0.5,93905,0.016694703029669477
hybrid_b500_s500_t120,100,0.5,0.51,194545,0.03458677387686543
hybrid_b500_s500_t120,100,0.51,0.52,106015,0.018847653923544108
hybrid_b500_s500_t120,100,0.52,0.53,121219,0.021550665103599428
hybrid_b500_s500_t120,100,0.53,0.54,109673,0.01949798376415463
hybrid_b500_s500_t120,100,0.54,0.55,100278,0.017827713438147017
hybrid_b500_s500_t120,100,0.55,0.56,98297,0.01747552551735712
hybrid_b500_s500_t120,100,0.56,0.5700000000000001,95880,0.01704582425307182
hybrid_b500_s500_t120,100,0.5700000000000001,0.58,82317,0.01463455480851182
hybrid_b500_s500_t120,100,0.58,0.59,79513,0.014136051562729452
hybrid_b500_s500_t120,100,0.59,0.6,64070,0.01139055027007
hybrid_b500_s500_t120,100,0.6,0.61,84858,0.015086301152139847
hybrid_b500_s500_t120,100,0.61,0.62,65230,0.011596778431663277
hybrid_b500_s500_t120,100,0.62,0.63,64670,0.011497220008825143
hybrid_b500_s500_t120,100,0.63,0.64,56458,0.010037266851063088
hybrid_b500_s500_t120,100,0.64,0.65,54410,0.009673167476112202
hybrid_b500_s500_t120,100,0.65,0.66,49905,0.008872255520959004
hybrid_b500_s500_t120,100,0.66,0.67,51029,0.009072083498226972
hybrid_b500_s500_t120,100,0.67,0.68,45558,0.008099433263677994
hybrid_b500_s500_t120,100,0.68,0.6900000000000001,43421,0.0077195112108117605
hybrid_b500_s500_t120,100,0.6900000000000001,0.7000000000000001,34420,0.006119287346586693
hybrid_b500_s500_t120,100,0.7000000000000001,0.71,40001,0.007111493699907446
hybrid_b500_s500_t120,100,0.71,0.72,31282,0.005561404612897296
hybrid_b500_s500_t120,100,0.72,0.73,30277,0.0053827328004824315
hybrid_b500_s500_t120,100,0.73,0.74,26368,0.0046877794524926766
hybrid_b500_s500_t120,100,0.74,0.75,19998,0.00355530239270891
hybrid_b500_s500_t120,100,0.75,0.76,25673,0.004564220338434636
hybrid_b500_s500_t120,100,0.76,0.77,18481,0.0032856057365563238
hybrid_b500_s500_t120,100,0.77,0.78,15553,0.002765057411431227
hybrid_b500_s500_t120,100,0.78,0.79,14189,0.0025225615386612024
hybrid_b500_s500_t120,100,0.79,0.8,9576,0.0017024490305320792
hybrid_b500_s500_t120,100,0.8,0.81,13447,0.002390646628400676
hybrid_b500_s500_t120,100,0.81,0.8200000000000001,10240,0.0018204968747544373
hybrid_b500_s500_t120,100,0.8200000000000001,0.8300000000000001,10361,0.0018420086054033913
hybrid_b500_s500_t120,100,0.8300000000000001,0.84,8651,0.0015379998499512341
hybrid_b500_s500_t120,100,0.84,0.85,9720,0.0017280497678333136
hybrid_b500_s500_t120,100,0.85,0.86,8982,0.001596845989164488
hybrid_b500_s500_t120,100,0.86,0.87,7637,0.0013577279914550428
hybrid_b500_s500_t120,100,0.87,0.88,5859,0.0010416299989439695
hybrid_b500_s500_t120,100,0.88,0.89,5626,0.0010002065837273891
hybrid_b500_s500_t120,100,0.89,0.9,3894,0.0006922866045208769
hybrid_b500_s500_t120,100,0.9,0.91,3635,0.0006462408339582402
hybrid_b500_s500_t120,100,0.91,0.92,2861,0.000508636870964106
hybrid_b500_s500_t120,100,0.92,0.93,3418,0.0006076619451084636
hybrid_b500_s500_t120,100,0.93,0.9400000000000001,2461,0.00043752371179401077
hybrid_b500_s500_t120,100,0.9400000000000001,0.9500000000000001,2194,0.00039005567804797225
hybrid_b500_s500_t120,100,0.9500000000000001,0.96,1628,0.0002894305578222875
hybrid_b500_s500_t120,100,0.96,0.97,886,0.00015751564756176089
hybrid_b500_s500_t120,100,0.97,0.98,1571,0.00027929693264054894
hybrid_b500_s500_t120,100,0.98,0.99,514,9.138040953357235e-05
hybrid_b500_s500_t120,100,0.99,1.0,2633,0.0004681023702371517
hybrid_b500_s500_t120,250,0.0,0.01,161,1.0535927972469947e-05
hybrid_b500_s500_t120,250,0.01,0.02,2235,0.000146259621232735
hybrid_b500_s500_t120,250,0.02,0.03,3428,0.00022433019310327316
hybrid_b500_s500_t120,250,0.03,0.04,833,5.4511975161909725e-05
hybrid_b500_s500_t120,250,0.04,0.05,872,5.7064156472011144e-05
hybrid_b500_s500_t120,250,0.05,0.06,2963,0.00019390033902129476
hybrid_b500_s500_t120,250,0.06,0.07,4216,0.0002758973436766043
hybrid_b500_s500_t120,250,0.07,0.08,3638,0.0002380727078499731
hybrid_b500_s500_t120,250,0.08,0.09,4183,0.00027373780564498006
hybrid_b500_s500_t120,250,0.09,0.1,5148,0.00033688793293338686
hybrid_b500_s500_t120,250,0.1,0.11,7246,0.0004741821993075605
hybrid_b500_s500_t120,250,0.11,0.12,9016,0.000590011966458317
hybrid_b500_s500_t120,250,0.12,0.13,12836,0.0008399948537554301
hybrid_b500_s500_t120,250,0.13,0.14,16601,0.001086378510999836
hybrid_b500_s500_t120,250,0.14,0.15,21737,0.0014224811573762687
hybrid_b500_s500_t120,250,0.15,0.16,29643,0.0019398541173163146
hybrid_b500_s500_t120,250,0.16,0.17,40290,0.0026365996149740013
hybrid_b500_s500_t120,250,0.17,0.18,49452,0.003236165901208595
hybrid_b500_s500_t120,250,0.18,0.19,66057,0.004322806174394083
hybrid_b500_s500_t120,250,0.19,0.2,65359,0.004277128672997909
hybrid_b500_s500_t120,250,0.2,0.21,114953,0.0075225871317971295
hybrid_b500_s500_t120,250,0.21,0.22,119557,0.007823875407481922
hybrid_b500_s500_t120,250,0.22,0.23,149554,0.009786895478228388
hybrid_b500_s500_t120,250,0.23,0.24,164611,0.010772233785566774
hybrid_b500_s500_t120,250,0.24,0.25,164297,0.010751685453993137
hybrid_b500_s500_t120,250,0.25,0.26,265727,0.017389320076649204
hybrid_b500_s500_t120,250,0.26,0.27,260563,0.017051385094973212
hybrid_b500_s500_t120,250,0.27,0.28,277225,0.01814175547930423
hybrid_b500_s500_t120,250,0.28,0.29,328903,0.021523592036827844
hybrid_b500_s500_t120,250,0.29,0.3,316670,0.020723057832559368
hybrid_b500_s500_t120,250,0.3,0.31,402778,0.026358012403077644
hybrid_b500_s500_t120,250,0.31,0.32,381360,0.024956406780007077
hybrid_b500_s500_t120,250,0.32,0.33,464502,0.03039726468986482
hybrid_b500_s500_t120,250,0.33,0.34,420042,0.027487777996349202
hybrid_b500_s500_t120,250,0.34,0.35000000000000003,424952,0.02780909107923633
hybrid_b500_s500_t120,250,0.35000000000000003,0.36,472286,0.030906653903142494
hybrid_b500_s500_t120,250,0.36,0.37,495207,0.032406616667471584
hybrid_b500_s500_t120,250,0.37,0.38,470995,0.030822170157723497
hybrid_b500_s500_t120,250,0.38,0.39,494087,0.03233332325548918
hybrid_b500_s500_t120,250,0.39,0.4,399724,0.02615815697433278
hybrid_b500_s500_t120,250,0.4,0.41000000000000003,550306,0.036012325334273586
hybrid_b500_s500_t120,250,0.41000000000000003,0.42,455899,0.02983427966907501
hybrid_b500_s500_t120,250,0.42,0.43,454653,0.02975274074824459
hybrid_b500_s500_t120,250,0.43,0.44,444929,0.02911639687492597
hybrid_b500_s500_t120,250,0.44,0.45,432518,0.028304214253396003
hybrid_b500_s500_t120,250,0.45,0.46,424508,0.027780035476629023
hybrid_b500_s500_t120,250,0.46,0.47000000000000003,412762,0.027011370818463606
hybrid_b500_s500_t120,250,0.47000000000000003,0.48,379372,0.024826310973738316
hybrid_b500_s500_t120,250,0.48,0.49,331553,0.021697009484821915
hybrid_b500_s500_t120,250,0.49,0.5,243480,0.015933464240602376
hybrid_b500_s500_t120,250,0.5,0.51,490583,0.03210401958085853
hybrid_b500_s500_t120,250,0.51,0.52,256373,0.01677718920550334
hybrid_b500_s500_t120,250,0.52,0.53,295962,0.019367914997441928
hybrid_b500_s500_t120,250,0.53,0.54,265124,0.017349859427162252
hybrid_b500_s500_t120,250,0.54,0.55,235641,0.015420475797271993
hybrid_b500_s500_t120,250,0.55,0.56,232500,0.01521492704098921
hybrid_b500_s500_t120,250,0.56,0.5700000000000001,221547,0.014498156736129189
hybrid_b500_s500_t120,250,0.5700000000000001,0.58,189071,0.012372909550825251
hybrid_b500_s500_t120,250,0.58,0.59,178385,0.011673611871857463
hybrid_b500_s500_t120,250,0.59,0.6,142737,0.009340787273331944
hybrid_b500_s500_t120,250,0.6,0.61,183381,0.012000552841736095
hybrid_b500_s500_t120,250,0.61,0.62,140349,0.00918451524849804
hybrid_b500_s500_t120,250,0.62,0.63,135538,0.008869680779705787
hybrid_b500_s500_t120,250,0.63,0.64,118062,0.007726041790594701
hybrid_b500_s500_t120,250,0.64,0.65,109948,0.0071950571970007815
hybrid_b500_s500_t120,250,0.65,0.66,99196,0.006491440441969745
hybrid_b500_s500_t120,250,0.66,0.67,102186,0.006687107675744187
hybrid_b500_s500_t120,250,0.67,0.68,90363,0.00591340409550498
hybrid_b500_s500_t120,250,0.68,0.6900000000000001,82769,0.005416448586045746
hybrid_b500_s500_t120,250,0.6900000000000001,0.7000000000000001,65650,0.00429617187200405
hybrid_b500_s500_t120,250,0.7000000000000001,0.71,75155,0.004918184265658254
hybrid_b500_s500_t120,250,0.71,0.72,57554,0.0037663652082455612
hybrid_b500_s500_t120,250,0.72,0.73,55221,0.0036136924134643664
hybrid_b500_s500_t120,250,0.73,0.74,47735,0.00312380448301772
hybrid_b500_s500_t120,250,0.74,0.75,36026,0.0023575611250695795
hybrid_b500_s500_t120,250,0.75,0.76,46246,0.003026363509408976
hybrid_b500_s500_t120,250,0.76,0.77,32316,0.002114776697877881
hybrid_b500_s500_t120,250,0.77,0.78,27430,0.0017950341881046625
hybrid_b500_s500_t120,250,0.78,0.79,24678,0.0016149418043764805
hybrid_b500_s500_t120,250,0.79,0.8,16607,0.001086771154278313
hybrid_b500_s500_t120,250,0.8,0.81,23060,0.0015090590002804782
hybrid_b500_s500_t120,250,0.81,0.8200000000000001,17289,0.0011314016069318815
hybrid_b500_s500_t120,250,0.8200000000000001,0.8300000000000001,16263,0.0010642596063122904
hybrid_b500_s500_t120,250,0.8300000000000001,0.84,13935,0.0009119140142631598
hybrid_b500_s500_t120,250,0.84,0.85,14677,0.0009604708997014994
hybrid_b500_s500_t120,250,0.85,0.86,13459,0.0008807643141706399
hybrid_b500_s500_t120,250,0.86,0.87,11435,0.0007483126482310177
hybrid_b500_s500_t120,250,0.87,0.88,8456,0.0005533652604671173
hybrid_b500_s500_t120,250,0.88,0.89,7829,0.0005123340378662561
hybrid_b500_s500_t120,250,0.89,0.9,5696,0.00037274935236763243
hybrid_b500_s500_t120,250,0.9,0.91,5166,0.0003380658627688183
hybrid_b500_s500_t120,250,0.91,0.92,4039,0.0002643143669615287
hybrid_b500_s500_t120,250,0.92,0.93,4914,0.0003215748450727784
hybrid_b500_s500_t120,250,0.93,0.9400000000000001,3244,0.0002122891325633075
hybrid_b500_s500_t120,250,0.9400000000000001,0.9500000000000001,3294,0.00021556115988395036
hybrid_b500_s500_t120,250,0.9500000000000001,0.96,2313,0.00015136398385293782
hybrid_b500_s500_t120,250,0.96,0.97,1359,8.893370257507242e-05
hybrid_b500_s500_t120,250,0.97,0.98,2232,0.0001460632995934964
hybrid_b500_s500_t120,250,0.98,0.99,747,4.8884088170404044e-05
hybrid_b500_s500_t120,250,0.99,1.0,3419,0.00022374122818555746
hybrid_b500_s500_t120,500,0.0,0.01,645,3.3082036372185936e-05
hybrid_b500_s500_t120,500,0.01,0.02,5555,0.0002849158326317719
hybrid_b500_s500_t120,500,0.02,0.03,9624,0.0004936147566603371
hybrid_b500_s500_t120,500,0.03,0.04,2214,0.00011355601322173592
hybrid_b500_s500_t120,500,0.04,0.05,2411,0.0001236601390594423
hybrid_b500_s500_t120,500,0.05,0.06,6740,0.00034569445759462513
hybrid_b500_s500_t120,500,0.06,0.07,8360,0.00042878422336662704
hybrid_b500_s500_t120,500,0.07,0.08,7288,0.0003738013660162653
hybrid_b500_s500_t120,500,0.08,0.09,8739,0.00044822312535896576
hybrid_b500_s500_t120,500,0.09,0.1,9425,0.0004834080508648875
hybrid_b500_s500_t120,500,0.1,0.11,14429,0.0007400631051384045
hybrid_b500_s500_t120,500,0.11,0.12,16529,0.0008477720607687773
hybrid_b500_s500_t120,500,0.12,0.13,23056,0.0011825417528637504
hybrid_b500_s500_t120,500,0.13,0.14,28799,0.0014771001015233842
hybrid_b500_s500_t120,500,0.14,0.15,37877,0.0019427105297198245
hybrid_b500_s500_t120,500,0.15,0.16,50979,0.0026147118328956075
hybrid_b500_s500_t120,500,0.16,0.17,67250,0.0034492510791155106
hybrid_b500_s500_t120,500,0.17,0.18,81385,0.004174234930465663
hybrid_b500_s500_t120,500,0.18,0.19,107406,0.005508851470683725
hybrid_b500_s500_t120,500,0.19,0.2,106586,0.0054667936880090084
hybrid_b500_s500_t120,500,0.2,0.21,183829,0.009428585525988478
hybrid_b500_s500_t120,500,0.21,0.22,187439,0.009613742349714977
hybrid_b500_s500_t120,500,0.22,0.23,235037,0.012055042764045685
hybrid_b500_s500_t120,500,0.23,0.24,253746,0.013014626978754563
hybrid_b500_s500_t120,500,0.24,0.25,252528,0.012952155784488946
hybrid_b500_s500_t120,500,0.25,0.26,402817,0.020660475419123754
hybrid_b500_s500_t120,500,0.26,0.27,390017,0.020003963689567198
hybrid_b500_s500_t120,500,0.27,0.28,409244,0.02099011611333157
hybrid_b500_s500_t120,500,0.28,0.29,481591,0.024700792214755653
hybrid_b500_s500_t120,500,0.29,0.3,456521,0.02341495244444449
hybrid_b500_s500_t120,500,0.3,0.31,572745,0.029376078948818038
hybrid_b500_s500_t120,500,0.31,0.32,535248,0.027452858611069424
hybrid_b500_s500_t120,500,0.32,0.33,647682,0.03321959609551958
hybrid_b500_s500_t120,500,0.33,0.34,572935,0.02938582404480364
hybrid_b500_s500_t120,500,0.34,0.35000000000000003,572462,0.029361563884797375
hybrid_b500_s500_t120,500,0.35000000000000003,0.36,629765,0.032300633544077015
hybrid_b500_s500_t120,500,0.36,0.37,655825,0.033637250393471076
hybrid_b500_s500_t120,500,0.37,0.38,612677,0.03142419038511901
hybrid_b500_s500_t120,500,0.38,0.39,639475,0.032798659238920315
hybrid_b500_s500_t120,500,0.39,0.4,514362,0.026381616112357058
hybrid_b500_s500_t120,500,0.4,0.41000000000000003,697519,0.03577573477254382
hybrid_b500_s500_t120,500,0.41000000000000003,0.42,573818,0.029431113096147273
hybrid_b500_s500_t120,500,0.42,0.43,565958,0.029027973862216446
hybrid_b500_s500_t120,500,0.43,0.44,553904,0.028409724456898107
hybrid_b500_s500_t120,500,0.44,0.45,530108,0.027189228119669367
hybrid_b500_s500_t120,500,0.45,0.46,515056,0.026417211357693954
hybrid_b500_s500_t120,500,0.46,0.47000000000000003,496200,0.025450087516090947
hybrid_b500_s500_t120,500,0.47000000000000003,0.48,456217,0.023399360290867522
hybrid_b500_s500_t120,500,0.48,0.49,390126,0.0200095542972642
hybrid_b500_s500_t120,500,0.49,0.5,292722,0.015013705195254282
hybrid_b500_s500_t120,500,0.5,0.51,579026,0.029698231306110597
hybrid_b500_s500_t120,500,0.51,0.52,296099,0.015186911453903695
hybrid_b500_s500_t120,500,0.52,0.53,344047,0.017646163360839465
hybrid_b500_s500_t120,500,0.53,0.54,308839,0.01584034578472796
hybrid_b500_s500_t120,500,0.54,0.55,270329,0.013865168698382406
hybrid_b500_s500_t120,500,0.55,0.56,266776,0.01368293540345159
hybrid_b500_s500_t120,500,0.56,0.5700000000000001,252436,0.012947437106432758
hybrid_b500_s500_t120,500,0.5700000000000001,0.58,213174,0.01093368995597576
hybrid_b500_s500_t120,500,0.58,0.59,199980,0.010256969974743789
hybrid_b500_s500_t120,500,0.59,0.6,161838,0.008300667600622988
hybrid_b500_s500_t120,500,0.6,0.61,201749,0.010347701947367659
hybrid_b500_s500_t120,500,0.61,0.62,154937,0.007946715456430034
hybrid_b500_s500_t120,500,0.62,0.63,147168,0.007548243610576527
hybrid_b500_s500_t120,500,0.63,0.64,126973,0.006512442487264442
hybrid_b500_s500_t120,500,0.64,0.65,116810,0.005991182431992309
hybrid_b500_s500_t120,500,0.65,0.66,103193,0.005292766789697648
hybrid_b500_s500_t120,500,0.66,0.67,106403,0.005457407621875504
hybrid_b500_s500_t120,500,0.67,0.68,93303,0.004785508898657464
hybrid_b500_s500_t120,500,0.68,0.6900000000000001,82909,0.00425240085826599
hybrid_b500_s500_t120,500,0.6900000000000001,0.7000000000000001,64716,0.0033192822726548607
hybrid_b500_s500_t120,500,0.7000000000000001,0.71,73906,0.0037906371784849208
hybrid_b500_s500_t120,500,0.71,0.72,55800,0.0028619808210356206
hybrid_b500_s500_t120,500,0.72,0.73,53358,0.0027367306926311583
hybrid_b500_s500_t120,500,0.73,0.74,45376,0.0023273340812779986
hybrid_b500_s500_t120,500,0.74,0.75,34231,0.0017557072667539486
hybrid_b500_s500_t120,500,0.75,0.76,43653,0.0022389614476822214
hybrid_b500_s500_t120,500,0.76,0.77,30777,0.001578551679731421
hybrid_b500_s500_t120,500,0.77,0.78,25652,0.0013156905380144399
hybrid_b500_s500_t120,500,0.78,0.79,23283,0.001194184578067605
hybrid_b500_s500_t120,500,0.79,0.8,15475,0.0007937124230381045
hybrid_b500_s500_t120,500,0.8,0.81,21038,0.0010790385755008493
hybrid_b500_s500_t120,500,0.81,0.8200000000000001,15619,0.0008010981799956157
hybrid_b500_s500_t120,500,0.8200000000000001,0.8300000000000001,14174,0.000726984160526145
hybrid_b500_s500_t120,500,0.8300000000000001,0.84,11818,0.000606144970304641
hybrid_b500_s500_t120,500,0.84,0.85,11766,0.0006034778914033174
hybrid_b500_s500_t120,500,0.85,0.86,10646,0.0005460331150671186
hybrid_b500_s500_t120,500,0.86,0.87,8747,0.0004486334451899386
hybrid_b500_s500_t120,500,0.87,0.88,6232,0.0003196391483278492
hybrid_b500_s500_t120,500,0.88,0.89,5850,0.0003000463763988957
hybrid_b500_s500_t120,500,0.89,0.9,4170,0.00021387921189459745
hybrid_b500_s500_t120,500,0.9,0.91,3726,0.00019110646127560435
hybrid_b500_s500_t120,500,0.91,0.92,2967,0.00015217736731205531
hybrid_b500_s500_t120,500,0.92,0.93,3579,0.00018356683438147824
hybrid_b500_s500_t120,500,0.93,0.9400000000000001,2407,0.00012345497914395588
hybrid_b500_s500_t120,500,0.9400000000000001,0.9500000000000001,2391,0.0001226343394820102
hybrid_b500_s500_t120,500,0.9500000000000001,0.96,1554,7.970462716647588e-05
hybrid_b500_s500_t120,500,0.96,0.97,914,4.6879040688647977e-05
hybrid_b500_s500_t120,500,0.97,0.98,1534,7.867882758904376e-05
hybrid_b500_s500_t120,500,0.98,0.99,607,3.1133017175064906e-05
hybrid_b500_s500_t120,500,0.99,1.0,2161,0.00011083764434154079
hybrid_b500_s500_t120,1000,0.0,0.01,961,4.704014452925322e-05
hybrid_b500_s500_t120,1000,0.01,0.02,7766,0.000380139190857628
hybrid_b500_s500_t120,1000,0.02,0.03,13636,0.0006674707708646169
hybrid_b500_s500_t120,1000,0.03,0.04,4071,0.0001992720378549322
hybrid_b500_s500_t120,1000,0.04,0.05,3576,0.00017504220274361032
hybrid_b500_s500_t120,1000,0.05,0.06,8671,0.0004244381823237822
hybrid_b500_s500_t120,1000,0.06,0.07,10191,0.0004988409083221848
hybrid_b500_s500_t120,1000,0.07,0.08,8962,0.000438682388419529
hybrid_b500_s500_t120,1000,0.08,0.09,11571,0.0005663907516628398
hybrid_b500_s500_t120,1000,0.09,0.1,12071,0.0005908653325833669
hybrid_b500_s500_t120,1000,0.1,0.11,19160,0.0009378659408746011
hybrid_b500_s500_t120,1000,0.11,0.12,22505,0.0011016008872329279
hybrid_b500_s500_t120,1000,0.12,0.13,31662,0.0015498283622114625
hybrid_b500_s500_t120,1000,0.13,0.14,39635,0.0019401000295701887
hybrid_b500_s500_t120,1000,0.14,0.15,51627,0.002527098378368112
hybrid_b500_s500_t120,1000,0.15,0.16,69447,0.0033993724423757006
hybrid_b500_s500_t120,1000,0.16,0.17,91128,0.0044606392202516
hybrid_b500_s500_t120,1000,0.17,0.18,110197,0.0053940507873986646
hybrid_b500_s500_t120,1000,0.18,0.19,143191,0.0070090794331824115
hybrid_b500_s500_t120,1000,0.19,0.2,141788,0.006940403759119413
hybrid_b500_s500_t120,1000,0.2,0.21,242334,0.011862046185590062
hybrid_b500_s500_t120,1000,0.21,0.22,244573,0.011971643358952183
hybrid_b500_s500_t120,1000,0.22,0.23,304250,0.014892782490140782
hybrid_b500_s500_t120,1000,0.23,0.24,322740,0.015797852492581876
hybrid_b500_s500_t120,1000,0.24,0.25,321495,0.015736910786089763
hybrid_b500_s500_t120,1000,0.25,0.26,505628,0.024750066803368623
hybrid_b500_s500_t120,1000,0.26,0.27,478655,0.023429761061029866
hybrid_b500_s500_t120,1000,0.27,0.28,498561,0.02440414307663789
hybrid_b500_s500_t120,1000,0.28,0.29,576320,0.028210380952236436
hybrid_b500_s500_t120,1000,0.29,0.3,540676,0.026465637027573895
hybrid_b500_s500_t120,1000,0.3,0.31,667623,0.03267958627581022
hybrid_b500_s500_t120,1000,0.31,0.32,615261,0.03011651026348893
hybrid_b500_s500_t120,1000,0.32,0.33,738110,0.03612986584650062
hybrid_b500_s500_t120,1000,0.33,0.34,637922,0.031225747219969065
hybrid_b500_s500_t120,1000,0.34,0.35000000000000003,631769,0.030924563027161057
hybrid_b500_s500_t120,1000,0.35000000000000003,0.36,687782,0.033666352429364034
hybrid_b500_s500_t120,1000,0.36,0.37,705742,0.03454547937602937
hybrid_b500_s500_t120,1000,0.37,0.38,651930,0.03191142707903855
hybrid_b500_s500_t120,1000,0.38,0.39,671152,0.0328523278679473
hybrid_b500_s500_t120,1000,0.39,0.4,534593,0.026167879276094763
hybrid_b500_s500_t120,1000,0.4,0.41000000000000003,716526,0.0350733471373233
hybrid_b500_s500_t120,1000,0.41000000000000003,0.42,585321,0.028650972357967767
hybrid_b500_s500_t120,1000,0.42,0.43,569911,0.027896665773997117
hybrid_b500_s500_t120,1000,0.43,0.44,552590,0.027048817341748216
hybrid_b500_s500_t120,1000,0.44,0.45,523707,0.025635018700293045
hybrid_b500_s500_t120,1000,0.45,0.46,505671,0.02475217161732779
hybrid_b500_s500_t120,1000,0.46,0.47000000000000003,481339,0.023561140611411253
hybrid_b500_s500_t120,1000,0.47000000000000003,0.48,439019,0.021489612082297833
hybrid_b500_s500_t120,1000,0.48,0.49,371196,0.018169733078752005
hybrid_b500_s500_t120,1000,0.49,0.5,278743,0.01364423621906101
hybrid_b500_s500_t120,1000,0.5,0.51,543555,0.02660656166451429
hybrid_b500_s500_t120,1000,0.51,0.52,273791,0.013401839969624109
hybrid_b500_s500_t120,1000,0.52,0.53,318718,0.015600978963657156
hybrid_b500_s500_t120,1000,0.53,0.54,284260,0.013914288744938106
hybrid_b500_s500_t120,1000,0.54,0.55,247457,0.012112812741701784
hybrid_b500_s500_t120,1000,0.55,0.56,241081,0.01180071288580322
hybrid_b500_s500_t120,1000,0.56,0.5700000000000001,227829,0.011152038593085568
hybrid_b500_s500_t120,1000,0.5700000000000001,0.58,191378,0.009367792694817297
hybrid_b500_s500_t120,1000,0.58,0.59,176501,0.008639576014107931
hybrid_b500_s500_t120,1000,0.59,0.6,142524,0.006976430342234429
hybrid_b500_s500_t120,1000,0.6,0.61,174357,0.00853462901112071
hybrid_b500_s500_t120,1000,0.61,0.62,133691,0.006544062395692395
hybrid_b500_s500_t120,1000,0.62,0.63,124972,0.006117274653600242
hybrid_b500_s500_t120,1000,0.63,0.64,106779,0.005226742552225941
hybrid_b500_s500_t120,1000,0.64,0.65,96220,0.004709888352346248
hybrid_b500_s500_t120,1000,0.65,0.66,83988,0.004111142204706471
hybrid_b500_s500_t120,1000,0.66,0.67,86128,0.004215893411046328
hybrid_b500_s500_t120,1000,0.67,0.68,73565,0.0036009450908371624
hybrid_b500_s500_t120,1000,0.68,0.6900000000000001,64870,0.003175332128629195
hybrid_b500_s500_t120,1000,0.6900000000000001,0.7000000000000001,49873,0.002441241548498903
hybrid_b500_s500_t120,1000,0.7000000000000001,0.71,56331,0.0027573552356684318
hybrid_b500_s500_t120,1000,0.71,0.72,42493,0.002079996734111922
hybrid_b500_s500_t120,1000,0.72,0.73,39442,0.0019306528413348652
hybrid_b500_s500_t120,1000,0.73,0.74,33604,0.00164488763450679
hybrid_b500_s500_t120,1000,0.74,0.75,25196,0.001233323081747205
hybrid_b500_s500_t120,1000,0.75,0.76,31972,0.0015650026023821893
hybrid_b500_s500_t120,1000,0.76,0.77,22600,0.001106251057607828
hybrid_b500_s500_t120,1000,0.77,0.78,18850,0.0009226917007038743
hybrid_b500_s500_t120,1000,0.78,0.79,17273,0.0008454988724805316
hybrid_b500_s500_t120,1000,0.79,0.8,11337,0.000554936647792033
hybrid_b500_s500_t120,1000,0.8,0.81,15014,0.0007349227158815898
hybrid_b500_s500_t120,1000,0.81,0.8200000000000001,11004,0.000538636576898962
hybrid_b500_s500_t120,1000,0.8200000000000001,0.8300000000000001,9589,0.00046937351289387004
hybrid_b500_s500_t120,1000,0.8300000000000001,0.84,8141,0.0003984951265480234
hybrid_b500_s500_t120,1000,0.84,0.85,7554,0.00036976196854732445
hybrid_b500_s500_t120,1000,0.85,0.86,6649,0.0003254629770811703
hybrid_b500_s500_t120,1000,0.86,0.87,5211,0.0002550740823537342
hybrid_b500_s500_t120,1000,0.87,0.88,3958,0.00019374078256689307
hybrid_b500_s500_t120,1000,0.88,0.89,3541,0.0001733289820791734
hybrid_b500_s500_t120,1000,0.89,0.9,2593,0.0001269251766538539
hybrid_b500_s500_t120,1000,0.9,0.91,2172,0.00010631757951877003
hybrid_b500_s500_t120,1000,0.91,0.92,1737,8.502469411791139e-05
hybrid_b500_s500_t120,1000,0.92,0.93,2089,0.00010225479908596251
hybrid_b500_s500_t120,1000,0.93,0.9400000000000001,1361,6.661980926567495e-05
hybrid_b500_s500_t120,1000,0.9400000000000001,0.9500000000000001,1323,6.47597411157149e-05
hybrid_b500_s500_t120,1000,0.9500000000000001,0.96,893,4.371160152406152e-05
hybrid_b500_s500_t120,1000,0.96,0.97,520,2.5453564157348257e-05
hybrid_b500_s500_t120,1000,0.97,0.98,841,4.11662451083267e-05
hybrid_b500_s500_t120,1000,0.98,0.99,356,1.7425901615415343e-05
hybrid_b500_s500_t120,1000,0.99,1.0,1223,5.9864824931609454e-05
