endpoint,category,task,common_occurrences,common_unique_identities,model,display_name,official_metric,direction,mean,population_std,primary_seven_model_rank,gmolai_favorable_paired_mean_difference,gmolai_seed_wins,ties,gmolai_seed_losses,strict_identity_disjoint_mean
caco2_wang,Absorption,regression,893,889,gmolai,gMolAI,mae,minimize,0.30079035101000307,0.011867823578939722,1.0,0.0,0,5,0,0.30079035101000307
caco2_wang,Absorption,regression,893,889,morgan,Morgan radius-2,mae,minimize,0.3792439779888713,0.0013941710166151203,6.0,0.07845362697886822,5,0,0,0.3792439779888713
caco2_wang,Absorption,regression,893,889,molai,MolAI epoch 6,mae,minimize,0.3412102941474373,0.013720157040398508,2.0,0.04041994313743426,5,0,0,0.3412102941474373
caco2_wang,Absorption,regression,893,889,molformer,MoLFormer,mae,minimize,0.376875151329617,0.0,5.0,0.07608480031961398,5,0,0,0.376875151329617
caco2_wang,Absorption,regression,893,889,smi_ted,SMI-TED-Light,mae,minimize,0.35695318297338197,0.01519529732717555,3.0,0.05616283196337894,5,0,0,0.35695318297338197
caco2_wang,Absorption,regression,893,889,molclr_gin,MolCLR-GIN,mae,minimize,0.404968801390625,0.011355623012548745,7.0,0.10417845038062197,5,0,0,0.404968801390625
caco2_wang,Absorption,regression,893,889,kermt_v2,KERMT v2,mae,minimize,0.3653849261857198,0.014131283509807671,4.0,0.06459457517571676,5,0,0,0.3653849261857198
caco2_wang,Absorption,regression,893,889,descriptor_13,13-descriptor diagnostic,mae,minimize,0.38231476445455603,0.014657120517519604,,0.08152441344455298,5,0,0,0.38231476445455603
hia_hou,Absorption,classification,573,573,gmolai,gMolAI,roc_auc,maximize,0.9844444444444445,0.004404820077512896,2.0,0.0,0,5,0,0.9844444444444445
hia_hou,Absorption,classification,573,573,morgan,Morgan radius-2,roc_auc,maximize,0.947008547008547,1.1102230246251565e-16,5.0,0.03743589743589737,5,0,0,0.947008547008547
hia_hou,Absorption,classification,573,573,molai,MolAI epoch 6,roc_auc,maximize,0.9300854700854702,0.009630472492993657,6.0,0.05435897435897434,5,0,0,0.9300854700854702
hia_hou,Absorption,classification,573,573,molformer,MoLFormer,roc_auc,maximize,0.9828205128205129,0.0010256410256410664,3.0,0.001623931623931596,3,0,2,0.9828205128205129
hia_hou,Absorption,classification,573,573,smi_ted,SMI-TED-Light,roc_auc,maximize,0.9891452991452991,0.0029059829059828427,1.0,-0.004700854700854662,1,0,4,0.9891452991452991
hia_hou,Absorption,classification,573,573,molclr_gin,MolCLR-GIN,roc_auc,maximize,0.9182905982905982,0.01201880815971183,7.0,0.06615384615384619,5,0,0,0.9182905982905982
hia_hou,Absorption,classification,573,573,kermt_v2,KERMT v2,roc_auc,maximize,0.974102564102564,0.00607138483253948,4.0,0.010341880341880372,4,0,1,0.974102564102564
hia_hou,Absorption,classification,573,573,descriptor_13,13-descriptor diagnostic,roc_auc,maximize,0.9732478632478632,0.0011965811965811925,,0.011196581196581224,5,0,0,0.9732478632478632
pgp_broccatelli,Absorption,classification,1218,1212,gmolai,gMolAI,roc_auc,maximize,0.9275526526259663,0.0,1.0,0.0,0,5,0,0.9275526526259663
pgp_broccatelli,Absorption,classification,1218,1212,morgan,Morgan radius-2,roc_auc,maximize,0.880831778192482,0.0,5.0,0.04672087443348427,5,0,0,0.880831778192482
pgp_broccatelli,Absorption,classification,1218,1212,molai,MolAI epoch 6,roc_auc,maximize,0.9088243135163957,0.0,2.0,0.018728339109570613,5,0,0,0.9088243135163957
pgp_broccatelli,Absorption,classification,1218,1212,molformer,MoLFormer,roc_auc,maximize,0.9085577179418822,0.0,3.0,0.018994934684084086,5,0,0,0.9085577179418822
pgp_broccatelli,Absorption,classification,1218,1212,smi_ted,SMI-TED-Light,roc_auc,maximize,0.9070247933884297,0.0,4.0,0.02052785923753664,5,0,0,0.9070247933884297
pgp_broccatelli,Absorption,classification,1218,1212,molclr_gin,MolCLR-GIN,roc_auc,maximize,0.8691015729138897,0.0001632557813105487,6.0,0.058451079712076595,5,0,0,0.8691015729138897
pgp_broccatelli,Absorption,classification,1218,1212,kermt_v2,KERMT v2,roc_auc,maximize,0.8592641962143428,0.004078912290056014,7.0,0.06828845641162343,5,0,0,0.8592641962143428
pgp_broccatelli,Absorption,classification,1218,1212,descriptor_13,13-descriptor diagnostic,roc_auc,maximize,0.8991735537190083,0.005305251932817923,,0.028379098906958045,5,0,0,0.8991735537190083
bioavailability_ma,Absorption,classification,634,634,gmolai,gMolAI,roc_auc,maximize,0.5769759450171821,0.008247422680412387,7.0,0.0,0,5,0,0.5769759450171821
bioavailability_ma,Absorption,classification,634,634,morgan,Morgan radius-2,roc_auc,maximize,0.6508591065292096,0.0019680853695225155,4.0,-0.07388316151202753,0,0,5,0.6508591065292096
bioavailability_ma,Absorption,classification,634,634,molai,MolAI epoch 6,roc_auc,maximize,0.6554639175257732,0.004536082474226833,3.0,-0.07848797250859108,0,0,5,0.6554639175257732
bioavailability_ma,Absorption,classification,634,634,molformer,MoLFormer,roc_auc,maximize,0.7291408934707905,0.018013429723560185,1.0,-0.15216494845360823,0,0,5,0.7291408934707905
bioavailability_ma,Absorption,classification,634,634,smi_ted,SMI-TED-Light,roc_auc,maximize,0.7185567010309278,0.0,2.0,-0.14158075601374573,0,0,5,0.7185567010309278
bioavailability_ma,Absorption,classification,634,634,molclr_gin,MolCLR-GIN,roc_auc,maximize,0.6058419243986255,0.02061855670103094,6.0,-0.028865979381443328,0,0,5,0.6058419243986255
bioavailability_ma,Absorption,classification,634,634,kermt_v2,KERMT v2,roc_auc,maximize,0.615807560137457,0.007560137457044646,5.0,-0.038831615120274866,0,0,5,0.615807560137457
bioavailability_ma,Absorption,classification,634,634,descriptor_13,13-descriptor diagnostic,roc_auc,maximize,0.5765635738831614,0.05124558276645216,,0.0004123711340206615,4,0,1,0.5765635738831614
lipophilicity_astrazeneca,Absorption,regression,4187,4187,gmolai,gMolAI,mae,minimize,0.658129016370329,0.0050356628273873485,3.0,0.0,0,5,0,0.658129016370329
lipophilicity_astrazeneca,Absorption,regression,4187,4187,morgan,Morgan radius-2,mae,minimize,0.7186723013847106,0.0,5.0,0.060543285014381665,5,0,0,0.7186723013847106
lipophilicity_astrazeneca,Absorption,regression,4187,4187,molai,MolAI epoch 6,mae,minimize,0.8265076964388612,0.0,7.0,0.1683786800685323,5,0,0,0.8265076964388612
lipophilicity_astrazeneca,Absorption,regression,4187,4187,molformer,MoLFormer,mae,minimize,0.6321454169160576,0.0,2.0,-0.02598359945427131,0,0,5,0.6321454169160576
lipophilicity_astrazeneca,Absorption,regression,4187,4187,smi_ted,SMI-TED-Light,mae,minimize,0.6998733585840771,0.008585166803540023,4.0,0.04174434221374816,5,0,0,0.6998733585840771
lipophilicity_astrazeneca,Absorption,regression,4187,4187,molclr_gin,MolCLR-GIN,mae,minimize,0.7519928367630697,0.00037897027194611337,6.0,0.0938638203927408,5,0,0,0.7519928367630697
lipophilicity_astrazeneca,Absorption,regression,4187,4187,kermt_v2,KERMT v2,mae,minimize,0.6154935399799506,0.007949697403355228,1.0,-0.04263547639037837,0,0,5,0.6154935399799506
lipophilicity_astrazeneca,Absorption,regression,4187,4187,descriptor_13,13-descriptor diagnostic,mae,minimize,0.8536190838226994,0.002650882416992301,,0.19549006745237035,5,0,0,0.8536190838226994
solubility_aqsoldb,Absorption,regression,8692,8692,gmolai,gMolAI,mae,minimize,0.7947204693309697,0.011899836096564257,1.0,0.0,0,5,0,0.7947204693309697
solubility_aqsoldb,Absorption,regression,8692,8692,morgan,Morgan radius-2,mae,minimize,1.2597029147774232,0.0,7.0,0.4649824454464535,5,0,0,1.2597029147774232
solubility_aqsoldb,Absorption,regression,8692,8692,molai,MolAI epoch 6,mae,minimize,0.8774424664063456,0.0006089620455620004,4.0,0.08272199707537589,5,0,0,0.8774424664063456
solubility_aqsoldb,Absorption,regression,8692,8692,molformer,MoLFormer,mae,minimize,0.8552227066289422,0.004622577303654829,3.0,0.06050223729797246,5,0,0,0.8552227066289422
solubility_aqsoldb,Absorption,regression,8692,8692,smi_ted,SMI-TED-Light,mae,minimize,0.8348662443618888,0.004214192613728018,2.0,0.040145775030919095,5,0,0,0.8348662443618888
solubility_aqsoldb,Absorption,regression,8692,8692,molclr_gin,MolCLR-GIN,mae,minimize,1.1851340248067153,0.03508334586501212,6.0,0.39041355547574563,5,0,0,1.1851340248067153
solubility_aqsoldb,Absorption,regression,8692,8692,kermt_v2,KERMT v2,mae,minimize,0.8896045480422161,0.05010803886908633,5.0,0.0948840787112464,5,0,0,0.8896045480422161
solubility_aqsoldb,Absorption,regression,8692,8692,descriptor_13,13-descriptor diagnostic,mae,minimize,0.9879540688067147,0.0,,0.19323359947574492,5,0,0,0.9879540688067147
bbb_martins,Distribution,classification,1898,1843,gmolai,gMolAI,roc_auc,maximize,0.8745680147058824,0.0009906024695079266,4.0,0.0,0,5,0,0.8745680147058824
bbb_martins,Distribution,classification,1898,1843,morgan,Morgan radius-2,roc_auc,maximize,0.7903492647058824,0.030790441176470607,6.0,0.08421875000000001,5,0,0,0.7903492647058824
bbb_martins,Distribution,classification,1898,1843,molai,MolAI epoch 6,roc_auc,maximize,0.8428584558823531,0.0064705882352941385,5.0,0.03170955882352937,5,0,0,0.8428584558823531
bbb_martins,Distribution,classification,1898,1843,molformer,MoLFormer,roc_auc,maximize,0.8874816176470588,0.009779411764705825,3.0,-0.012913602941176428,1,0,4,0.8874816176470588
bbb_martins,Distribution,classification,1898,1843,smi_ted,SMI-TED-Light,roc_auc,maximize,0.9122242647058822,0.0,1.0,-0.037656249999999857,0,0,5,0.9122242647058822
bbb_martins,Distribution,classification,1898,1843,molclr_gin,MolCLR-GIN,roc_auc,maximize,0.7865441176470588,0.0025551470588236033,7.0,0.08802389705882359,5,0,0,0.7865441176470588
bbb_martins,Distribution,classification,1898,1843,kermt_v2,KERMT v2,roc_auc,maximize,0.9009926470588235,0.013363970588235309,2.0,-0.02642463235294117,1,0,4,0.9009926470588235
bbb_martins,Distribution,classification,1898,1843,descriptor_13,13-descriptor diagnostic,roc_auc,maximize,0.8305055147058823,0.00632246057998518,,0.044062500000000025,5,0,0,0.8305055147058823
ppbr_az,Distribution,regression,2771,1780,gmolai,gMolAI,mae,minimize,9.021072074739466,0.062202231037775564,1.0,0.0,0,5,0,9.021072074739466
ppbr_az,Distribution,regression,2771,1780,morgan,Morgan radius-2,mae,minimize,11.502339171541443,0.0,7.0,2.481267096801977,5,0,0,11.502339171541443
ppbr_az,Distribution,regression,2771,1780,molai,MolAI epoch 6,mae,minimize,10.282826565480534,0.17715394819660304,5.0,1.2617544907410665,5,0,0,10.282826565480534
ppbr_az,Distribution,regression,2771,1780,molformer,MoLFormer,mae,minimize,9.408912941129676,0.0,3.0,0.38784086639021,5,0,0,9.408912941129676
ppbr_az,Distribution,regression,2771,1780,smi_ted,SMI-TED-Light,mae,minimize,9.063604945348878,0.0,2.0,0.04253287060941169,3,0,2,9.063604945348878
ppbr_az,Distribution,regression,2771,1780,molclr_gin,MolCLR-GIN,mae,minimize,10.790936455498905,0.11026764013075031,6.0,1.7698643807594396,5,0,0,10.790936455498905
ppbr_az,Distribution,regression,2771,1780,kermt_v2,KERMT v2,mae,minimize,9.6031162276482,0.059371522870312256,4.0,0.582044152908735,5,0,0,9.6031162276482
ppbr_az,Distribution,regression,2771,1780,descriptor_13,13-descriptor diagnostic,mae,minimize,10.255821303691215,0.056916815620760876,,1.2347492289517472,5,0,0,10.255821303691215
vdss_lombardo,Distribution,regression,1051,1034,gmolai,gMolAI,spearman,maximize,0.40351989628614443,0.0,2.0,0.0,0,5,0,0.40351989628614443
vdss_lombardo,Distribution,regression,1051,1034,morgan,Morgan radius-2,spearman,maximize,0.2061111889680644,0.0,6.0,0.19740870731808002,5,0,0,0.2061111889680644
vdss_lombardo,Distribution,regression,1051,1034,molai,MolAI epoch 6,spearman,maximize,0.15288063159478688,0.02266945476984894,7.0,0.25063926469135756,5,0,0,0.15288063159478688
vdss_lombardo,Distribution,regression,1051,1034,molformer,MoLFormer,spearman,maximize,0.2961629500523844,0.09565339077456428,5.0,0.10735694623376002,5,0,0,0.2961629500523844
vdss_lombardo,Distribution,regression,1051,1034,smi_ted,SMI-TED-Light,spearman,maximize,0.4277400522108925,0.0,1.0,-0.024220155924748077,0,0,5,0.4277400522108925
vdss_lombardo,Distribution,regression,1051,1034,molclr_gin,MolCLR-GIN,spearman,maximize,0.30426823200371783,0.016954364661153496,4.0,0.09925166428242659,5,0,0,0.30426823200371783
vdss_lombardo,Distribution,regression,1051,1034,kermt_v2,KERMT v2,spearman,maximize,0.3147013727012526,0.0,3.0,0.08881852358489184,5,0,0,0.3147013727012526
vdss_lombardo,Distribution,regression,1051,1034,descriptor_13,13-descriptor diagnostic,spearman,maximize,0.41331527446455085,0.011183907444656912,,-0.009795378178406389,2,0,3,0.41331527446455085
cyp2d6_veith,Metabolism,classification,12507,12507,gmolai,gMolAI,pr_auc,maximize,0.5720706166334848,0.013429411152291782,1.0,0.0,0,5,0,0.5720706166334848
cyp2d6_veith,Metabolism,classification,12507,12507,morgan,Morgan radius-2,pr_auc,maximize,0.5160675707085354,0.0,5.0,0.056003045924949424,5,0,0,0.5160675707085354
cyp2d6_veith,Metabolism,classification,12507,12507,molai,MolAI epoch 6,pr_auc,maximize,0.4424360066681158,0.003958225985836283,6.0,0.12963460996536907,5,0,0,0.4424360066681158
cyp2d6_veith,Metabolism,classification,12507,12507,molformer,MoLFormer,pr_auc,maximize,0.5677495760331576,0.0,3.0,0.004321040600327231,4,0,1,0.5677495760331576
cyp2d6_veith,Metabolism,classification,12507,12507,smi_ted,SMI-TED-Light,pr_auc,maximize,0.5698653280037876,0.0,2.0,0.0022052886296971552,4,0,1,0.5698653280037876
cyp2d6_veith,Metabolism,classification,12507,12507,molclr_gin,MolCLR-GIN,pr_auc,maximize,0.4209904338747298,0.007614048971420251,7.0,0.15108018275875507,5,0,0,0.4209904338747298
cyp2d6_veith,Metabolism,classification,12507,12507,kermt_v2,KERMT v2,pr_auc,maximize,0.5299172214071439,0.00877735079218976,4.0,0.04215339522634083,5,0,0,0.5299172214071439
cyp2d6_veith,Metabolism,classification,12507,12507,descriptor_13,13-descriptor diagnostic,pr_auc,maximize,0.4252397450056349,0.004446675754291532,,0.14683087162784986,5,0,0,0.4252397450056349
cyp3a4_veith,Metabolism,classification,11706,11706,gmolai,gMolAI,pr_auc,maximize,0.8247650842599376,0.0009915249581442522,1.0,0.0,0,5,0,0.8247650842599376
cyp3a4_veith,Metabolism,classification,11706,11706,morgan,Morgan radius-2,pr_auc,maximize,0.821036107566705,1.1102230246251565e-16,2.0,0.0037289766932324664,5,0,0,0.821036107566705
cyp3a4_veith,Metabolism,classification,11706,11706,molai,MolAI epoch 6,pr_auc,maximize,0.7493793351910825,8.779050623890504e-05,6.0,0.07538574906885512,5,0,0,0.7493793351910825
cyp3a4_veith,Metabolism,classification,11706,11706,molformer,MoLFormer,pr_auc,maximize,0.8129378298540326,0.004454862803605308,5.0,0.011827254405905019,5,0,0,0.8129378298540326
cyp3a4_veith,Metabolism,classification,11706,11706,smi_ted,SMI-TED-Light,pr_auc,maximize,0.8209629571309485,0.00035694988194144486,3.0,0.0038021271289891967,5,0,0,0.8209629571309485
cyp3a4_veith,Metabolism,classification,11706,11706,molclr_gin,MolCLR-GIN,pr_auc,maximize,0.7405326411969843,0.0026832877995749435,7.0,0.08423244306295323,5,0,0,0.7405326411969843
cyp3a4_veith,Metabolism,classification,11706,11706,kermt_v2,KERMT v2,pr_auc,maximize,0.818230708568995,0.0021857404319471454,4.0,0.006534375690942484,5,0,0,0.818230708568995
cyp3a4_veith,Metabolism,classification,11706,11706,descriptor_13,13-descriptor diagnostic,pr_auc,maximize,0.6496015605299272,0.001173507170642988,,0.17516352373001026,5,0,0,0.6496015605299272
cyp2c9_veith,Metabolism,classification,11477,11477,gmolai,gMolAI,pr_auc,maximize,0.7586385642063604,0.0008292510962178479,1.0,0.0,0,5,0,0.7586385642063604
cyp2c9_veith,Metabolism,classification,11477,11477,morgan,Morgan radius-2,pr_auc,maximize,0.690818895648672,0.0,6.0,0.0678196685576884,5,0,0,0.690818895648672
cyp2c9_veith,Metabolism,classification,11477,11477,molai,MolAI epoch 6,pr_auc,maximize,0.7048241421208065,0.004982581151503363,5.0,0.05381442208555396,5,0,0,0.7048241421208065
cyp2c9_veith,Metabolism,classification,11477,11477,molformer,MoLFormer,pr_auc,maximize,0.7499875116860348,0.0005862169953346541,2.0,0.008651052520325653,5,0,0,0.7499875116860348
cyp2c9_veith,Metabolism,classification,11477,11477,smi_ted,SMI-TED-Light,pr_auc,maximize,0.724610451041648,0.0015675033897450065,3.0,0.034028113164712395,5,0,0,0.724610451041648
cyp2c9_veith,Metabolism,classification,11477,11477,molclr_gin,MolCLR-GIN,pr_auc,maximize,0.684606730293787,0.003224164238540087,7.0,0.07403183391257347,5,0,0,0.684606730293787
cyp2c9_veith,Metabolism,classification,11477,11477,kermt_v2,KERMT v2,pr_auc,maximize,0.7211842867943676,0.005799972067305487,4.0,0.03745427741199268,5,0,0,0.7211842867943676
cyp2c9_veith,Metabolism,classification,11477,11477,descriptor_13,13-descriptor diagnostic,pr_auc,maximize,0.5939195890370047,0.0003899999092274342,,0.16471897516935577,5,0,0,0.5939195890370047
cyp2d6_substrate_carbonmangels,Metabolism,classification,657,654,gmolai,gMolAI,pr_auc,maximize,0.7016929971102285,0.0038659914771855593,3.0,0.0,0,5,0,0.7016929971102285
cyp2d6_substrate_carbonmangels,Metabolism,classification,657,654,morgan,Morgan radius-2,pr_auc,maximize,0.6311209356203739,0.02768219504720809,5.0,0.07057206148985476,5,0,0,0.6311209356203739
cyp2d6_substrate_carbonmangels,Metabolism,classification,657,654,molai,MolAI epoch 6,pr_auc,maximize,0.5684752493075711,0.06129346376484243,7.0,0.13321774780265744,5,0,0,0.5684752493075711
cyp2d6_substrate_carbonmangels,Metabolism,classification,657,654,molformer,MoLFormer,pr_auc,maximize,0.576981747412218,0.03169060148829167,6.0,0.12471124969801053,5,0,0,0.576981747412218
cyp2d6_substrate_carbonmangels,Metabolism,classification,657,654,smi_ted,SMI-TED-Light,pr_auc,maximize,0.6884548838053355,0.0,4.0,0.01323811330489304,5,0,0,0.6884548838053355
cyp2d6_substrate_carbonmangels,Metabolism,classification,657,654,molclr_gin,MolCLR-GIN,pr_auc,maximize,0.7061374977730107,0.016913596295869585,2.0,-0.004444500662782258,1,0,4,0.7061374977730107
cyp2d6_substrate_carbonmangels,Metabolism,classification,657,654,kermt_v2,KERMT v2,pr_auc,maximize,0.71633602409088,0.0,1.0,-0.014643026980651518,0,0,5,0.71633602409088
cyp2d6_substrate_carbonmangels,Metabolism,classification,657,654,descriptor_13,13-descriptor diagnostic,pr_auc,maximize,0.5831545424822558,0.027914515915120414,,0.1185384546279726,5,0,0,0.5831545424822558
cyp3a4_substrate_carbonmangels,Metabolism,classification,658,655,gmolai,gMolAI,roc_auc,maximize,0.5826210826210827,0.023266856600189942,7.0,0.0,0,5,0,0.5826210826210827
cyp3a4_substrate_carbonmangels,Metabolism,classification,658,655,morgan,Morgan radius-2,roc_auc,maximize,0.6478395061728396,0.010826210826210846,4.0,-0.06521842355175685,0,0,5,0.6478395061728396
cyp3a4_substrate_carbonmangels,Metabolism,classification,658,655,molai,MolAI epoch 6,roc_auc,maximize,0.6867283950617284,0.009304804341056754,1.0,-0.10410731244064568,0,0,5,0.6867283950617284
cyp3a4_substrate_carbonmangels,Metabolism,classification,658,655,molformer,MoLFormer,roc_auc,maximize,0.6342355175688509,0.01158594491927829,5.0,-0.051614434947768184,0,0,5,0.6342355175688509
cyp3a4_substrate_carbonmangels,Metabolism,classification,658,655,smi_ted,SMI-TED-Light,roc_auc,maximize,0.6622269705603039,0.008167141500474795,3.0,-0.07960588793922116,0,0,5,0.6622269705603039
cyp3a4_substrate_carbonmangels,Metabolism,classification,658,655,molclr_gin,MolCLR-GIN,roc_auc,maximize,0.6335470085470085,0.018609608682113397,6.0,-0.05092592592592582,0,0,5,0.6335470085470085
cyp3a4_substrate_carbonmangels,Metabolism,classification,658,655,kermt_v2,KERMT v2,roc_auc,maximize,0.6647198480531813,0.00275403608736946,2.0,-0.08209876543209862,0,0,5,0.6647198480531813
cyp3a4_substrate_carbonmangels,Metabolism,classification,658,655,descriptor_13,13-descriptor diagnostic,roc_auc,maximize,0.6251899335232668,0.005582882604634041,,-0.042568850902184166,0,0,5,0.6251899335232668
cyp2c9_substrate_carbonmangels,Metabolism,classification,659,656,gmolai,gMolAI,pr_auc,maximize,0.35130910738134463,0.021761902845498816,4.0,0.0,0,5,0,0.35130910738134463
cyp2c9_substrate_carbonmangels,Metabolism,classification,659,656,morgan,Morgan radius-2,pr_auc,maximize,0.34537166977853817,0.0009335132744945796,5.0,0.005937437602806494,4,0,1,0.34537166977853817
cyp2c9_substrate_carbonmangels,Metabolism,classification,659,656,molai,MolAI epoch 6,pr_auc,maximize,0.35997255855249594,0.01012559706472753,3.0,-0.008663451171151294,2,0,3,0.35997255855249594
cyp2c9_substrate_carbonmangels,Metabolism,classification,659,656,molformer,MoLFormer,pr_auc,maximize,0.34426492946525755,0.005285687818201979,6.0,0.007044177916087069,4,0,1,0.34426492946525755
cyp2c9_substrate_carbonmangels,Metabolism,classification,659,656,smi_ted,SMI-TED-Light,pr_auc,maximize,0.38976878691624023,0.004959743777127039,2.0,-0.03845967953489556,0,0,5,0.38976878691624023
cyp2c9_substrate_carbonmangels,Metabolism,classification,659,656,molclr_gin,MolCLR-GIN,pr_auc,maximize,0.3397612760331488,0.015271176767569698,7.0,0.011547831348195814,4,0,1,0.3397612760331488
cyp2c9_substrate_carbonmangels,Metabolism,classification,659,656,kermt_v2,KERMT v2,pr_auc,maximize,0.423235545792848,0.027019169190906585,1.0,-0.07192643841150335,0,0,5,0.423235545792848
cyp2c9_substrate_carbonmangels,Metabolism,classification,659,656,descriptor_13,13-descriptor diagnostic,pr_auc,maximize,0.425690842367885,0.0022624522819023386,,-0.07438173498654038,0,0,5,0.425690842367885
half_life_obach,Excretion,regression,625,623,gmolai,gMolAI,spearman,maximize,0.14803123745036467,0.09574452099230162,6.0,0.0,0,5,0,0.14803123745036467
half_life_obach,Excretion,regression,625,623,morgan,Morgan radius-2,spearman,maximize,0.17891279054812942,0.06797806743688894,5.0,-0.03088155309776472,2,0,3,0.17891279054812942
half_life_obach,Excretion,regression,625,623,molai,MolAI epoch 6,spearman,maximize,0.20235262513254254,0.09220349671056699,4.0,-0.054321387682177834,1,0,4,0.20235262513254254
half_life_obach,Excretion,regression,625,623,molformer,MoLFormer,spearman,maximize,0.3117033845172378,0.04407990892613196,1.0,-0.1636721470668731,0,0,5,0.3117033845172378
half_life_obach,Excretion,regression,625,623,smi_ted,SMI-TED-Light,spearman,maximize,0.25949539701386526,0.052499091580078115,2.0,-0.1114641595635005,1,0,4,0.25949539701386526
half_life_obach,Excretion,regression,625,623,molclr_gin,MolCLR-GIN,spearman,maximize,0.2121102046608126,0.04769680206682754,3.0,-0.06407896721044788,2,0,3,0.2121102046608126
half_life_obach,Excretion,regression,625,623,kermt_v2,KERMT v2,spearman,maximize,0.14151399177541785,0.0272881912443917,7.0,0.006517245674946848,3,0,2,0.14151399177541785
half_life_obach,Excretion,regression,625,623,descriptor_13,13-descriptor diagnostic,spearman,maximize,0.2599526015895403,0.04603246069001624,,-0.1119213641391756,1,0,4,0.2599526015895403
clearance_microsome_az,Excretion,regression,1096,1096,gmolai,gMolAI,spearman,maximize,0.6030995735917701,0.02619629517001892,1.0,0.0,0,5,0,0.6030995735917701
clearance_microsome_az,Excretion,regression,1096,1096,morgan,Morgan radius-2,spearman,maximize,0.475780004798333,0.0,6.0,0.12731956879343712,5,0,0,0.475780004798333
clearance_microsome_az,Excretion,regression,1096,1096,molai,MolAI epoch 6,spearman,maximize,0.3338933796885984,0.04713897032085473,7.0,0.26920619390317163,5,0,0,0.3338933796885984
clearance_microsome_az,Excretion,regression,1096,1096,molformer,MoLFormer,spearman,maximize,0.5439212220462639,0.05942561521776702,3.0,0.0591783515455062,5,0,0,0.5439212220462639
clearance_microsome_az,Excretion,regression,1096,1096,smi_ted,SMI-TED-Light,spearman,maximize,0.5679384240400823,0.0,2.0,0.03516114955168777,4,0,1,0.5679384240400823
clearance_microsome_az,Excretion,regression,1096,1096,molclr_gin,MolCLR-GIN,spearman,maximize,0.5388067039520774,0.0040248491357023,4.0,0.06429286963969269,5,0,0,0.5388067039520774
clearance_microsome_az,Excretion,regression,1096,1096,kermt_v2,KERMT v2,spearman,maximize,0.49972194092079647,0.04286564941883245,5.0,0.10337763267097362,5,0,0,0.49972194092079647
clearance_microsome_az,Excretion,regression,1096,1096,descriptor_13,13-descriptor diagnostic,spearman,maximize,0.20154774880054482,0.018329432255946198,,0.40155182479122525,5,0,0,0.20154774880054482
clearance_hepatocyte_az,Excretion,regression,1198,1006,gmolai,gMolAI,spearman,maximize,0.34471759286504333,0.04155013506372916,4.0,0.0,0,5,0,0.34471759286504333
clearance_hepatocyte_az,Excretion,regression,1198,1006,morgan,Morgan radius-2,spearman,maximize,0.24446846746842285,0.017858308569474398,6.0,0.1002491253966205,5,0,0,0.24446846746842285
clearance_hepatocyte_az,Excretion,regression,1198,1006,molai,MolAI epoch 6,spearman,maximize,0.23008142639437534,0.008750675240187713,7.0,0.11463616647066802,5,0,0,0.23008142639437534
clearance_hepatocyte_az,Excretion,regression,1198,1006,molformer,MoLFormer,spearman,maximize,0.3972529928960727,0.049626502924316356,1.0,-0.052535400031029356,2,0,3,0.3972529928960727
clearance_hepatocyte_az,Excretion,regression,1198,1006,smi_ted,SMI-TED-Light,spearman,maximize,0.36676185623863083,0.01637685254951642,2.0,-0.022044263373587458,2,0,3,0.36676185623863083
clearance_hepatocyte_az,Excretion,regression,1198,1006,molclr_gin,MolCLR-GIN,spearman,maximize,0.35662048842688904,0.010820144692896116,3.0,-0.011902895561845683,2,0,3,0.35662048842688904
clearance_hepatocyte_az,Excretion,regression,1198,1006,kermt_v2,KERMT v2,spearman,maximize,0.329129916909796,0.020364181604090967,5.0,0.015587675955247349,2,0,3,0.329129916909796
clearance_hepatocyte_az,Excretion,regression,1198,1006,descriptor_13,13-descriptor diagnostic,spearman,maximize,0.16316814814791264,0.0017385841416650077,,0.18154944471713072,5,0,0,0.16316814814791264
herg,Toxicity,classification,643,636,gmolai,gMolAI,roc_auc,maximize,0.8064661654135339,0.017680527466705676,4.0,0.0,0,5,0,0.8064661654135339
herg,Toxicity,classification,643,636,morgan,Morgan radius-2,roc_auc,maximize,0.796,0.009503759398496259,5.0,0.01046616541353389,4,0,1,0.796
herg,Toxicity,classification,643,636,molai,MolAI epoch 6,roc_auc,maximize,0.8221052631578948,0.0,2.0,-0.015639097744360918,0,0,5,0.8221052631578948
herg,Toxicity,classification,643,636,molformer,MoLFormer,roc_auc,maximize,0.7790977443609024,0.0,6.0,0.027368421052631466,5,0,0,0.7790977443609024
herg,Toxicity,classification,643,636,smi_ted,SMI-TED-Light,roc_auc,maximize,0.8140451127819549,0.016120300751879715,3.0,-0.007578947368421063,1,0,4,0.8140451127819549
herg,Toxicity,classification,643,636,molclr_gin,MolCLR-GIN,roc_auc,maximize,0.697233082706767,0.006135338345864705,7.0,0.1092330827067669,5,0,0,0.697233082706767
herg,Toxicity,classification,643,636,kermt_v2,KERMT v2,roc_auc,maximize,0.8666165413533836,1.1102230246251565e-16,1.0,-0.06015037593984964,0,0,5,0.8666165413533836
herg,Toxicity,classification,643,636,descriptor_13,13-descriptor diagnostic,roc_auc,maximize,0.8503759398496239,0.005649013837894273,,-0.04390977443609016,0,0,5,0.8503759398496239
ames,Toxicity,classification,7278,7255,gmolai,gMolAI,roc_auc,maximize,0.8110850026434824,0.006590297257796465,3.0,0.0,0,5,0,0.8110850026434824
ames,Toxicity,classification,7278,7255,morgan,Morgan radius-2,roc_auc,maximize,0.7716912412618222,0.0,5.0,0.039393761381660175,5,0,0,0.7716912412618222
ames,Toxicity,classification,7278,7255,molai,MolAI epoch 6,roc_auc,maximize,0.7305042197810805,0.006592979711536042,7.0,0.08058078286240189,5,0,0,0.7305042197810805
ames,Toxicity,classification,7278,7255,molformer,MoLFormer,roc_auc,maximize,0.7999177583269694,0.0,4.0,0.011167244316512948,5,0,0,0.7999177583269694
ames,Toxicity,classification,7278,7255,smi_ted,SMI-TED-Light,roc_auc,maximize,0.8190291566312243,1.1102230246251565e-16,1.0,-0.007944153987742064,0,0,5,0.8190291566312243
ames,Toxicity,classification,7278,7255,molclr_gin,MolCLR-GIN,roc_auc,maximize,0.7572092658951614,0.0035410914644891985,6.0,0.05387573674832098,5,0,0,0.7572092658951614
ames,Toxicity,classification,7278,7255,kermt_v2,KERMT v2,roc_auc,maximize,0.8139286063952692,0.006464164513527609,2.0,-0.0028436037517867384,1,0,4,0.8139286063952692
ames,Toxicity,classification,7278,7255,descriptor_13,13-descriptor diagnostic,roc_auc,maximize,0.6665703264211165,7.754214885746791e-05,,0.1445146762223659,5,0,0,0.6665703264211165
dili,Toxicity,classification,444,444,gmolai,gMolAI,roc_auc,maximize,0.9395833333333332,0.009116815202933783,1.0,0.0,0,5,0,0.9395833333333332
dili,Toxicity,classification,444,444,morgan,Morgan radius-2,roc_auc,maximize,0.7842708333333335,0.013523224621615402,7.0,0.1553124999999999,5,0,0,0.7842708333333335
dili,Toxicity,classification,444,444,molai,MolAI epoch 6,roc_auc,maximize,0.8208333333333332,1.1102230246251565e-16,5.0,0.11874999999999998,5,0,0,0.8208333333333332
dili,Toxicity,classification,444,444,molformer,MoLFormer,roc_auc,maximize,0.8455208333333333,0.0360416666666667,3.0,0.09406249999999987,5,0,0,0.8455208333333333
dili,Toxicity,classification,444,444,smi_ted,SMI-TED-Light,roc_auc,maximize,0.9109375,1.1102230246251565e-16,2.0,0.028645833333333214,5,0,0,0.9109375
dili,Toxicity,classification,444,444,molclr_gin,MolCLR-GIN,roc_auc,maximize,0.8221875000000001,0.0040824829046386705,4.0,0.11739583333333328,5,0,0,0.8221875000000001
dili,Toxicity,classification,444,444,kermt_v2,KERMT v2,roc_auc,maximize,0.8147916666666667,0.04363153604332533,6.0,0.12479166666666663,5,0,0,0.8147916666666667
dili,Toxicity,classification,444,444,descriptor_13,13-descriptor diagnostic,roc_auc,maximize,0.8711458333333333,0.01428869016623521,,0.06843749999999996,5,0,0,0.8711458333333333
ld50_zhu,Toxicity,regression,7266,7224,gmolai,gMolAI,mae,minimize,0.6918845421880727,0.004338261794682045,2.0,0.0,0,5,0,0.6918845421880727
ld50_zhu,Toxicity,regression,7266,7224,morgan,Morgan radius-2,mae,minimize,0.7055054099066055,0.0,5.0,0.013620867718532792,5,0,0,0.7055054099066055
ld50_zhu,Toxicity,regression,7266,7224,molai,MolAI epoch 6,mae,minimize,0.7142818244445551,0.0011528468349231065,6.0,0.02239728225648241,5,0,0,0.7142818244445551
ld50_zhu,Toxicity,regression,7266,7224,molformer,MoLFormer,mae,minimize,0.6855672876834871,0.0,1.0,-0.006317254504585623,0,0,5,0.6855672876834871
ld50_zhu,Toxicity,regression,7266,7224,smi_ted,SMI-TED-Light,mae,minimize,0.6943972884595232,0.0,4.0,0.0025127462714505055,3,0,2,0.6943972884595232
ld50_zhu,Toxicity,regression,7266,7224,molclr_gin,MolCLR-GIN,mae,minimize,0.7441398325631663,0.0024684525592108494,7.0,0.052255290375093646,5,0,0,0.7441398325631663
ld50_zhu,Toxicity,regression,7266,7224,kermt_v2,KERMT v2,mae,minimize,0.6937809355186182,0.0050147867509419495,3.0,0.0018963933305455205,4,0,1,0.6937809355186182
ld50_zhu,Toxicity,regression,7266,7224,descriptor_13,13-descriptor diagnostic,mae,minimize,0.7501794066559067,0.0014612466384420944,,0.05829486446783394,5,0,0,0.7501794066559067
