dataset,task,model,display_name,metric,mean,population_std,values_json
bace,classification,molformer,MoLFormer,average_precision,0.8050919924837272,0.04400157950314897,"[0.890761800073782, 0.8315690986207159, 0.7531897965191569, 0.808364799310108, 0.7738724562718058, 0.7828750651841555, 0.8725004162807446, 0.7966196119222544, 0.7618978424670894, 0.7792690381874604]"
bace,classification,molformer,MoLFormer,balanced_accuracy,0.7902410641061179,0.03565657480520218,"[0.8452588863776453, 0.780275592190167, 0.7852678571428571, 0.7339271089271089, 0.8032303370786518, 0.8050532449266626, 0.8432411475833549, 0.7382153614457831, 0.7696666299922983, 0.7982744753966513]"
bace,classification,molformer,MoLFormer,roc_auc,0.8631680447895235,0.031172835133435408,"[0.9186870762276558, 0.8571666458515466, 0.8517857142857143, 0.8327702702702703, 0.8816011235955056, 0.8658495747103343, 0.9094727319720859, 0.8143825301204819, 0.8372024791872961, 0.8627623016743438]"
bace,classification,smi_ted,SMI-TED-Light,average_precision,0.8040197586925304,0.030850678156650622,"[0.8285353651315495, 0.8415849523806732, 0.747186304662528, 0.8089444713978772, 0.7832925254531344, 0.8232326796605985, 0.8468642266803513, 0.8024036051608506, 0.7926757344023228, 0.7654777219954189]"
bace,classification,smi_ted,SMI-TED-Light,balanced_accuracy,0.7997648402538322,0.024871345673206313,"[0.8146959112389562, 0.802984888222805, 0.8147321428571428, 0.7756961506961506, 0.8132373595505618, 0.8150659701292613, 0.8115146032566555, 0.7385542168674699, 0.7858216892214032, 0.8253454704979162]"
bace,classification,smi_ted,SMI-TED-Light,roc_auc,0.8575027300923201,0.023826891763650455,"[0.8759502773782617, 0.861912493235086, 0.8421316964285713, 0.8363789926289926, 0.8816011235955057, 0.861965039180229, 0.8966787283535798, 0.8079442771084338, 0.8511570763193604, 0.8593075966951818]"
bace,classification,morgan,Morgan radius-2,average_precision,0.8232539078393456,0.03330030644164826,"[0.8986734511073828, 0.79497933090516, 0.803438039138344, 0.818698600025403, 0.7889366247121193, 0.8353823135692425, 0.8595020898135561, 0.812875553181642, 0.7866622095407236, 0.8333908663998827]"
bace,classification,morgan,Morgan radius-2,balanced_accuracy,0.7805576453808595,0.036993855827215226,"[0.8246609821245121, 0.7742392073602264, 0.7808035714285715, 0.7215397215397216, 0.798876404494382, 0.8061918156854866, 0.8303825277849574, 0.7182605421686747, 0.7552352660725419, 0.7953864151495211]"
bace,classification,morgan,Morgan radius-2,roc_auc,0.8557441533760386,0.037086207044293024,"[0.9052290938976782, 0.8363515257483035, 0.8399553571428572, 0.8134981572481572, 0.8875702247191011, 0.8682606657290202, 0.9077927112949082, 0.7943900602409638, 0.8274287600396083, 0.876964977699788]"
bace,classification,kermt_v2,KERMT v2,average_precision,0.7810588784296868,0.04607088585375728,"[0.8548911531444651, 0.7778349264252618, 0.7551085418727828, 0.7870235092280662, 0.6839394039118967, 0.7773016948826864, 0.8375624269177959, 0.7657180630981162, 0.7529009891468526, 0.8183080756689441]"
bace,classification,kermt_v2,KERMT v2,balanced_accuracy,0.7774917549856941,0.040690546053264824,"[0.8136172179987673, 0.7381249739810999, 0.80625, 0.7270679770679771, 0.798876404494382, 0.7913569084455161, 0.8453734815197725, 0.7074171686746988, 0.7653023801665017, 0.7815310375082255]"
bace,classification,kermt_v2,KERMT v2,roc_auc,0.8412272672007619,0.034789703915140316,"[0.8789295253749744, 0.8195329087048833, 0.8486049107142857, 0.8108619983619983, 0.8456460674157302, 0.8525885741075615, 0.8971956577927113, 0.770105421686747, 0.8234862654490777, 0.8653213423996491]"
bace,classification,gmolai,gMolAI,average_precision,0.7786078630123486,0.02739990125884858,"[0.812324164419703, 0.7836154435959014, 0.737288133891507, 0.8035650914810313, 0.7637962441366623, 0.7740190421097912, 0.8262239734571415, 0.7800404056407563, 0.743850599518811, 0.7613555318721816]"
bace,classification,gmolai,gMolAI,balanced_accuracy,0.7706772480889351,0.03391835599613567,"[0.8053472364906513, 0.7541318013404937, 0.7915178571428572, 0.7211302211302211, 0.7976123595505618, 0.7966479137365213, 0.8209485655208064, 0.7306475903614458, 0.7337074118898301, 0.7550815237259634]"
bace,classification,gmolai,gMolAI,roc_auc,0.8410390094739103,0.026859637392176,"[0.8661393055270187, 0.8467174555597186, 0.8334263392857143, 0.8165950040950042, 0.8729634831460674, 0.851918826602371, 0.8836908761953994, 0.7959713855421686, 0.8129973961198519, 0.8299700226657892]"
bace,classification,molai,MolAI epoch 6,average_precision,0.7686266179518948,0.021044506868364864,"[0.7919841569840167, 0.7911163045202371, 0.7887162126009256, 0.750185941010772, 0.7598319459784505, 0.7196073322246839, 0.7749502776680197, 0.7722884908735521, 0.7617212716047478, 0.7758642460535426]"
bace,classification,molai,MolAI epoch 6,balanced_accuracy,0.745995637747255,0.031612546249882155,"[0.7295818779535648, 0.7415594687981351, 0.78125, 0.7093570843570843, 0.8070224719101123, 0.7665595070658362, 0.7386275523391057, 0.6922439759036144, 0.7432060732753878, 0.7505483658697083]"
bace,classification,molai,MolAI epoch 6,roc_auc,0.8016978020374805,0.030090537044349924,"[0.7999794534620916, 0.8199492111069482, 0.8331473214285714, 0.7490530303030303, 0.8392556179775281, 0.8193356104748509, 0.7850219695011631, 0.7527484939759037, 0.7942751311108666, 0.8242121810338524]"
bace,classification,molclr_gin,MolCLR-GIN,average_precision,0.7383353649113251,0.028554643733655814,"[0.7060823689839656, 0.7537571438199994, 0.690471375095641, 0.7709155160244516, 0.7305823864772423, 0.7006366992635781, 0.7547244066543735, 0.7401330418807885, 0.7699015928898858, 0.7661491180233264]"
bace,classification,molclr_gin,MolCLR-GIN,balanced_accuracy,0.7252156217590845,0.02997107519826426,"[0.7057992603246352, 0.7220348861412931, 0.7040178571428571, 0.6954340704340705, 0.7820224719101123, 0.7047752997120085, 0.7626647712587232, 0.6876882530120482, 0.7364946638794148, 0.7512246837756817]"
bace,classification,molclr_gin,MolCLR-GIN,roc_auc,0.7970731705620421,0.02960369797678896,"[0.779535648243271, 0.7871029515840307, 0.7785993303571429, 0.7938677313677314, 0.844557584269663, 0.7682338758288125, 0.835777978805893, 0.7477786144578313, 0.8091282502658892, 0.8261497404401551]"
bbbp,classification,smi_ted,SMI-TED-Light,average_precision,0.960592626914233,0.010288293963584529,"[0.9678478852172506, 0.9490081393804228, 0.954220330210402, 0.9663188485983005, 0.9524735175659751, 0.9681190606649955, 0.9664474716595681, 0.9811228759806774, 0.9514571429987722, 0.9489109968659649]"
bbbp,classification,smi_ted,SMI-TED-Light,balanced_accuracy,0.8146339653298286,0.03680435450784699,"[0.8122051886792453, 0.8103929968336747, 0.8381519274376417, 0.8516594516594517, 0.7842645953395139, 0.7659111897798985, 0.8101631464620789, 0.8721788194444444, 0.7528409090909092, 0.8485714285714285]"
bbbp,classification,smi_ted,SMI-TED-Light,roc_auc,0.8951617211115183,0.025131427604636374,"[0.9071180555555557, 0.8947196870925684, 0.8960931594860165, 0.9239249639249639, 0.8478827361563518, 0.8815222410343235, 0.8937930397005129, 0.9408637152777779, 0.8665787337662338, 0.8991208791208791]"
bbbp,classification,kermt_v2,KERMT v2,average_precision,0.960907621359952,0.007582966954472185,"[0.9605124394857142, 0.94954724999187, 0.9572057386086994, 0.9710214124316228, 0.9554706228431923, 0.9608654023062884, 0.9614187047287177, 0.9753921523600417, 0.9524386339924751, 0.9652038568508984]"
bbbp,classification,kermt_v2,KERMT v2,balanced_accuracy,0.8092397647528561,0.03923637937532696,"[0.7843946540880503, 0.8108586328925311, 0.8292233560090703, 0.8316594516594517, 0.740466048609371, 0.8272087117130984, 0.7593705227157184, 0.8732638888888888, 0.7857142857142857, 0.8502380952380952]"
bbbp,classification,kermt_v2,KERMT v2,roc_auc,0.8911529437169629,0.025726095850081804,"[0.8817806603773585, 0.896721922145651, 0.8898809523809523, 0.9203463203463204, 0.8455524931094963, 0.8780975835000769, 0.8711004298192911, 0.9341905381944445, 0.8737486471861473, 0.9201098901098901]"
bbbp,classification,molformer,MoLFormer,average_precision,0.9591461253735692,0.011148227434218779,"[0.9576030866934189, 0.9497509461797881, 0.9657504439453362, 0.9724054311100163, 0.9484679946064593, 0.9592329318091919, 0.9543448760288159, 0.9799842880035204, 0.9405988630043869, 0.963322392354759]"
bbbp,classification,molformer,MoLFormer,balanced_accuracy,0.8004094428008255,0.04104234918869518,"[0.796875, 0.8045027006891414, 0.8348922902494331, 0.8427705627705628, 0.7297920320721624, 0.7346659996921656, 0.8113185746637703, 0.8546006944444444, 0.7704274891774892, 0.8242490842490843]"
bbbp,classification,molformer,MoLFormer,roc_auc,0.8815402909728253,0.038005745205693164,"[0.878799790356394, 0.8896908176569193, 0.9060374149659863, 0.9288888888888888, 0.8150338261087446, 0.8440818839464368, 0.8658778943476452, 0.9369032118055556, 0.8410781926406926, 0.909010989010989]"
bbbp,classification,gmolai,gMolAI,average_precision,0.956332842988334,0.012904031723460625,"[0.9494924990356124, 0.9534073910285447, 0.9682198538829655, 0.9707786554758385, 0.945290847563337, 0.9498824465340934, 0.9431865351801619, 0.9830460342636151, 0.9419513152056609, 0.9580728517135095]"
bbbp,classification,gmolai,gMolAI,balanced_accuracy,0.7839915786861531,0.05684500989969324,"[0.7772209119496856, 0.8260849320171354, 0.8293650793650793, 0.8453391053391053, 0.7193936356802806, 0.6935893489302756, 0.7290289781392985, 0.8752170138888888, 0.7534496753246753, 0.7912271062271062]"
bbbp,classification,gmolai,gMolAI,roc_auc,0.8722731498245315,0.046397992551952615,"[0.8663194444444443, 0.9034736449990688, 0.9006046863189721, 0.9286580086580086, 0.8164369832122275, 0.803947975988918, 0.8259462956971853, 0.9435221354166666, 0.8397930194805194, 0.894029304029304]"
bbbp,classification,molai,MolAI epoch 6,average_precision,0.9459496687889997,0.012696435325307056,"[0.9572469401088675, 0.935514283888135, 0.9577117425813715, 0.9461817536738937, 0.9389950091648, 0.9430498014882576, 0.925698364454068, 0.9714410447076809, 0.9352560182188144, 0.9484017296041094]"
bbbp,classification,molai,MolAI epoch 6,balanced_accuracy,0.7798883061143991,0.033947062149232425,"[0.7827240566037736, 0.785039113428944, 0.7885487528344671, 0.8014141414141414, 0.7658982711099975, 0.7013044482068647, 0.7403290659518418, 0.8181423611111112, 0.8079004329004329, 0.8075824175824176]"
bbbp,classification,molai,MolAI epoch 6,roc_auc,0.8563319425861714,0.03698024438558234,"[0.8826814727463312, 0.867619668467126, 0.8711498488284202, 0.8903896103896103, 0.8121523427712353, 0.7936355240880405, 0.8049175024263993, 0.906955295138889, 0.8579207251082251, 0.875897435897436]"
bbbp,classification,morgan,Morgan radius-2,average_precision,0.9434132478292974,0.012570202395817126,"[0.9334268971968394, 0.9171339221760482, 0.9484138437540803, 0.9277747042451283, 0.9523986455854427, 0.9532045116260249, 0.9492352931333811, 0.9414312480560092, 0.9578849891490739, 0.9532284233709443]"
bbbp,classification,morgan,Morgan radius-2,balanced_accuracy,0.781114453720879,0.033960785772868825,"[0.7647405660377359, 0.7918606816911902, 0.8100907029478458, 0.770995670995671, 0.7428213480330744, 0.7381676158226873, 0.7453205157831493, 0.8333333333333333, 0.8348214285714286, 0.778992673992674]"
bbbp,classification,morgan,Morgan radius-2,roc_auc,0.8545884899501903,0.021199229667753915,"[0.8433077830188679, 0.8560718942074873, 0.8570247543461829, 0.8424819624819625, 0.8276371836632422, 0.824534400492535, 0.8461893977908213, 0.8788519965277777, 0.8914705086580087, 0.8783150183150183]"
bbbp,classification,molclr_gin,MolCLR-GIN,average_precision,0.9348849611906772,0.010939189499229191,"[0.9217931309018984, 0.9489270726349449, 0.9313415485080101, 0.9494412889809862, 0.9291183762458354, 0.9308117456737066, 0.9289410146652767, 0.9535975419860727, 0.9220809028563346, 0.9327969894537056]"
bbbp,classification,molclr_gin,MolCLR-GIN,balanced_accuracy,0.7485098917382582,0.03811696782591138,"[0.707055817610063, 0.7918606816911902, 0.778061224489796, 0.7882539682539682, 0.722550739163117, 0.7113283053717101, 0.6997735360724684, 0.787109375, 0.7138122294372294, 0.7852930402930403]"
bbbp,classification,molclr_gin,MolCLR-GIN,roc_auc,0.8200788707237123,0.03973717574121335,"[0.7927640199161425, 0.8795865151797355, 0.8203892668178382, 0.8681673881673881, 0.7731896767727386, 0.7768200708019086, 0.7805610759347414, 0.8690321180555555, 0.7960294913419913, 0.8442490842490844]"
esol,regression,gmolai,gMolAI,mae,0.5451469917289196,0.05393301296089215,"[0.4548151892605207, 0.4538739663769385, 0.49857288851882475, 0.5667245350029263, 0.6118019816892529, 0.5470281554669566, 0.5925166357761258, 0.590566092221376, 0.5581889577599672, 0.5773815152163062]"
esol,regression,gmolai,gMolAI,normalized_rmse,0.34653736614872893,0.03241961414252636,"[0.30085992410909773, 0.2945120922161643, 0.3591716487901234, 0.3719455296437625, 0.35305796533421163, 0.3615678471267148, 0.36545378483884017, 0.345088070610802, 0.3117438578422687, 0.40197294097530417]"
esol,regression,gmolai,gMolAI,r2,0.8700556210324427,0.0378372996284175,"[0.897761994279933, 0.901256291695523, 0.9279714599432171, 0.8829696373580684, 0.8199644784883738, 0.8581541630461516, 0.8603376993524752, 0.8206034907597771, 0.8220249613655038, 0.9095120340354038]"
esol,regression,gmolai,gMolAI,rmse,0.7314127201283223,0.058656738734067716,"[0.6348268707227606, 0.6215084831721357, 0.697187059389835, 0.7665484530090787, 0.7861938660179091, 0.7620120322062575, 0.7709367555637218, 0.7701272216984817, 0.7155569067594297, 0.7892295527436138]"
esol,regression,gmolai,gMolAI,spearman,0.9340072583189951,0.02103260981364564,"[0.9382383414702156, 0.9534871288187944, 0.968924102651935, 0.9428765614051298, 0.9068474994928634, 0.9413608378824964, 0.9093719903765958, 0.9098326680526587, 0.9152686968450731, 0.9538647561941875]"
esol,regression,smi_ted,SMI-TED-Light,mae,0.6082445282663802,0.035523059696198324,"[0.6203945530897734, 0.5991732985559337, 0.5689078761206733, 0.640876422857875, 0.6220691644126873, 0.607732917776605, 0.5988967165454453, 0.5849603035645212, 0.5537905416901295, 0.6856434880501585]"
esol,regression,smi_ted,SMI-TED-Light,normalized_rmse,0.3893424606203307,0.04508685249040178,"[0.39376875862256755, 0.37490192930319194, 0.4211403803696749, 0.42508738076057784, 0.3727070353310227, 0.38785696439169065, 0.3726964740559235, 0.34765338941722473, 0.3112328054812282, 0.4863794884702046]"
esol,regression,smi_ted,SMI-TED-Light,r2,0.8411920071840211,0.027220245938375475,"[0.824867720993461, 0.8399931697496978, 0.9009728487718851, 0.8471391432919091, 0.7993674678334648, 0.8367774435506732, 0.8547470933008139, 0.8179263782653634, 0.8226080041998808, 0.8675208018830609]"
esol,regression,smi_ted,SMI-TED-Light,rmse,0.8194336719422395,0.060547594292293616,"[0.830868350329387, 0.7911550512788947, 0.8174743868824094, 0.876069338507149, 0.8299486593415096, 0.8174169135616847, 0.7862154462168693, 0.7758522003732427, 0.7143838698656498, 0.9549525030655996]"
esol,regression,smi_ted,SMI-TED-Light,spearman,0.9154329232415304,0.016705342038817718,"[0.9090432202190192, 0.9161902566630964, 0.9550034301551292, 0.9240583022467697, 0.8880115730579354, 0.9226875931574587, 0.9075124497984242, 0.904442575246126, 0.906110271871193, 0.9212695600001515]"
esol,regression,molai,MolAI epoch 6,mae,0.6399509106497475,0.05752181054526829,"[0.6223074077075681, 0.6511541141350112, 0.5841665346164896, 0.7230314751203896, 0.6344343840364625, 0.741898181083643, 0.5858660647544502, 0.5955035213655041, 0.5708400428661933, 0.6903073808117642]"
esol,regression,molai,MolAI epoch 6,normalized_rmse,0.40865541019591534,0.05544196293661475,"[0.3952203362695927, 0.41984464283856543, 0.4354176985079017, 0.4687962055086608, 0.3768512737556688, 0.47341163074731374, 0.3619863999582917, 0.35096051805662887, 0.3145684536129442, 0.48949694270358574]"
esol,regression,molai,MolAI epoch 6,r2,0.8244869195282483,0.0379093925120753,"[0.8235741360302442, 0.7993309460646224, 0.8941446843861468, 0.8140877359965609, 0.794880878403003, 0.7568272902020703, 0.8629753277100344, 0.8144458720740941, 0.8187852185302182, 0.8658171058854887]"
esol,regression,molai,MolAI epoch 6,rmse,0.8598137197356086,0.08756406204088593,"[0.8339312391405199, 0.8859976008965459, 0.8451880482537721, 0.9661495500520434, 0.8391771009819305, 0.9977252172243412, 0.7636221933372571, 0.7832326635296647, 0.7220403031814145, 0.9610732807585967]"
esol,regression,molai,MolAI epoch 6,spearman,0.9098480964179745,0.015283161214498419,"[0.8990344104443284, 0.8959113842106332, 0.945899587801559, 0.9175600461023363, 0.899551292120639, 0.8895388312371574, 0.9150209918371013, 0.9138276325426504, 0.9039503191007471, 0.918186468782591]"
esol,regression,molformer,MoLFormer,mae,0.7353463159568981,0.02909590252953309,"[0.7238350844099032, 0.6765475735350284, 0.737893553618229, 0.7751246527996161, 0.7573298712300229, 0.7672561497575299, 0.7002122541615662, 0.7328740933231325, 0.7257568831008214, 0.7566330436331326]"
esol,regression,molformer,MoLFormer,normalized_rmse,0.4640839170229298,0.04326045400771851,"[0.4280283695672191, 0.4285847950631451, 0.5341738875611997, 0.5014529552785894, 0.4544502954621715, 0.47826415490526664, 0.4338266496828918, 0.43251669423679695, 0.413897298926583, 0.5356440695454344]"
esol,regression,molformer,MoLFormer,r2,0.7712426500969248,0.051810814469279966,"[0.7930674564954723, 0.7908890909031806, 0.8406816411612388, 0.7872839526845979, 0.7017098220606652, 0.7518166442959855, 0.8031902010749863, 0.7181877642982168, 0.6862754758043967, 0.8393244521905074]"
esol,regression,molformer,MoLFormer,rmse,0.9779986050190175,0.05470528408303603,"[0.9031575449523498, 0.9044419327096012, 1.0368834041498824, 1.0334523646346494, 1.0119755671400068, 1.0079520164940112, 0.9151715583711818, 0.965240205148864, 0.9500333799225604, 1.051678076667067]"
esol,regression,molformer,MoLFormer,spearman,0.8798685727718931,0.025916005734145903,"[0.8907335292051064, 0.8907111464515857, 0.9222049374730273, 0.8971078051453398, 0.8424278904576238, 0.8725032878794875, 0.873777955640712, 0.8500905247306572, 0.8478534366065819, 0.9112752141288093]"
esol,regression,kermt_v2,KERMT v2,mae,0.8422461785952589,0.12411331324039944,"[0.5666586516613993, 0.6780872510179075, 0.9414332410638984, 0.7956218493650407, 0.9518884511278467, 0.8284884225745902, 0.868061513941053, 0.9111197776486797, 0.9075051481540387, 0.9735974793981332]"
esol,regression,kermt_v2,KERMT v2,normalized_rmse,0.5210815940169041,0.0857045676802556,"[0.3527876977430133, 0.43029029448043576, 0.6706044992131461, 0.5247944192939336, 0.5471615657324213, 0.5206027665814995, 0.5044560343861948, 0.5205032311170342, 0.5034362552987726, 0.6361791763225906]"
esol,regression,kermt_v2,KERMT v2,r2,0.7073056730395664,0.101221990701073,"[0.8594242042434241, 0.7892215182926796, 0.7489076731552208, 0.7670201935118808, 0.5675883957203636, 0.7059305353697898, 0.7338901765691795, 0.5918677109167645, 0.5358565120729459, 0.7733498105434149]"
esol,regression,kermt_v2,KERMT v2,rmse,1.0981698911767337,0.15770656778598333,"[0.7443966186286487, 0.9080410459002177, 1.301708473914667, 1.0815571587669137, 1.218426176257976, 1.0971815533031597, 1.0641665638946254, 1.161598274190521, 1.1555553719182095, 1.249067674992396]"
esol,regression,kermt_v2,KERMT v2,spearman,0.8668695923697586,0.05057823935820533,"[0.9176804588126753, 0.8954135154798517, 0.9407171361306988, 0.8888264526289074, 0.8096376556181221, 0.8360522966029883, 0.856142719814682, 0.8198820967159642, 0.7840932436933161, 0.9202503482003799]"
esol,regression,molclr_gin,MolCLR-GIN,mae,1.043082487427721,0.08341753555490544,"[0.8850652735943825, 0.9619233144942874, 1.0723964399183639, 1.0139763333906378, 1.1275198389271848, 1.1013008336388104, 0.9961002925080313, 1.0041031679030388, 1.0819492890215836, 1.186490090880889]"
esol,regression,molclr_gin,MolCLR-GIN,normalized_rmse,0.6488936171990377,0.06503895894303359,"[0.559736123629403, 0.5970052346481746, 0.7255989805675279, 0.6519596028766059, 0.665635173450583, 0.7003302115377971, 0.6117964662701637, 0.5870757799678197, 0.6130170862475116, 0.7767815127947905]"
esol,regression,molclr_gin,MolCLR-GIN,r2,0.5478030731584143,0.12807224726029046,"[0.6461246125649047, 0.5942491396502043, 0.7060362063984686, 0.6404318321719126, 0.36006082265962003, 0.4678394075382811, 0.6085933571184736, 0.4807907477774078, 0.3118098633703017, 0.6620947423345676]"
esol,regression,molclr_gin,MolCLR-GIN,rmse,1.3684200319710496,0.10446289823430259,"[1.1810663478904901, 1.2598593661807111, 1.4084581042579427, 1.3436339065242386, 1.482244678652787, 1.4759610179672, 1.2906047285285707, 1.3101671076396049, 1.407080200591758, 1.525124861477192]"
esol,regression,molclr_gin,MolCLR-GIN,spearman,0.7603468068222302,0.06984904743901463,"[0.832325858860515, 0.8127870942119526, 0.8517067884579737, 0.804063766139401, 0.6425081644544589, 0.709686268863384, 0.759169453905692, 0.7022681171736042, 0.6728194417907692, 0.8161331143645518]"
esol,regression,morgan,Morgan radius-2,mae,1.2522514670605103,0.13716913440617326,"[1.0003210792667818, 1.1609650994660612, 1.4852651959669707, 1.18182173356671, 1.24689311038452, 1.2498235455011306, 1.3238932525786995, 1.2235558016684747, 1.1826431518151213, 1.4673327003906333]"
esol,regression,morgan,Morgan radius-2,normalized_rmse,0.7610207459926056,0.13056659079081667,"[0.5996744684448296, 0.6916445539755643, 0.9994021439861523, 0.7234921947274282, 0.704143574219043, 0.7406178991286627, 0.8171122597337386, 0.6943877975196355, 0.6420552964340078, 0.9976772717569933]"
esol,regression,morgan,Morgan radius-2,r2,0.40005731329472133,0.11492580876195498,"[0.5938234898029273, 0.45541071218310114, 0.4423251371984279, 0.5572000487390619, 0.28387536518010925, 0.40485142910343186, 0.3018034203100117, 0.27362940262677327, 0.24506745060229218, 0.4425866772010765]"
esol,regression,morgan,Morgan radius-2,rmse,1.5990712200288444,0.20596956095003235,"[1.2653379056132465, 1.4595765980301854, 1.9399366410480503, 1.4910565618670657, 1.567995664176265, 1.5608681880542774, 1.7237251345700657, 1.5496535256596768, 1.4737326504674266, 1.9588293308021834]"
esol,regression,morgan,Morgan radius-2,spearman,0.6532270272502985,0.09067179642217976,"[0.7471167713205997, 0.6713604650741407, 0.749545484073808, 0.745926126208657, 0.5308555957499466, 0.6758896247121053, 0.5599935225327977, 0.5615290862253363, 0.539018718158096, 0.7510348784474978]"
freesolv,regression,gmolai,gMolAI,mae,0.8811054224548787,0.17165454707741942,"[0.8203982565354329, 0.8609767931386043, 0.8251901929492043, 0.9199419687490547, 0.7373258203413429, 0.7132417752904802, 0.8479192591572665, 1.0579933688995686, 0.7230468085377486, 1.3050199809500842]"
freesolv,regression,gmolai,gMolAI,normalized_rmse,0.3364485989698013,0.04260348053279211,"[0.31658213744265595, 0.35505697783749424, 0.3266029694913531, 0.3658953340602518, 0.31339052981397025, 0.26566563822831263, 0.3340576274248552, 0.4008936740580524, 0.2854885992118947, 0.4008525021291723]"
freesolv,regression,gmolai,gMolAI,r2,0.8628515237965344,0.06248365840713769,"[0.844896749707517, 0.8429833700504328, 0.9432452197804805, 0.8440676385579231, 0.8792310876428017, 0.9040465300923837, 0.8852553549999282, 0.8147388477772427, 0.947226581593671, 0.7228238577629638]"
freesolv,regression,gmolai,gMolAI,rmse,1.305515774795708,0.19499804453649414,"[1.248670524438725, 1.3857307787222768, 1.173025274281663, 1.4241091208894634, 1.2160348426384882, 1.0394743943411449, 1.2867330506579882, 1.5557692091768558, 1.0540741389616042, 1.6715364138488695]"
freesolv,regression,gmolai,gMolAI,spearman,0.9378585392635476,0.03759344171598345,"[0.8971424564091343, 0.8891472038398982, 0.9778092246972137, 0.9575483860566918, 0.9656883822966776, 0.9387014315258523, 0.9670472869053901, 0.9608482052364392, 0.9605904204816585, 0.8640623951865203]"
freesolv,regression,smi_ted,SMI-TED-Light,mae,0.9812849235395928,0.0699986933534007,"[1.0238180036447486, 1.0334155747764988, 0.9230805240358624, 0.9105305903358798, 1.0298787565929135, 0.8490006824604518, 1.0374555241954218, 1.0905155091590069, 0.9557730102539064, 0.9593810599412375]"
freesolv,regression,smi_ted,SMI-TED-Light,normalized_rmse,0.33814271677684615,0.025216866604904083,"[0.3462545460039042, 0.3497016970962588, 0.35142888468348227, 0.30979447944074817, 0.34997429440472655, 0.28504630288735516, 0.36131047075673495, 0.36662856766456675, 0.35013088675254245, 0.311157038078142]"
freesolv,regression,smi_ted,SMI-TED-Light,r2,0.8688011815643042,0.03662304219378969,"[0.8144593588875769, 0.8476841748855521, 0.93428914825621, 0.888218518340935, 0.8493893402086452, 0.889536006819492, 0.8657696454805857, 0.8450546460412607, 0.9206222956691257, 0.8329886810536589]"
freesolv,regression,smi_ted,SMI-TED-Light,rmse,1.3076533808216928,0.08903247813928922,"[1.3657051185533258, 1.3648299717672165, 1.262189882989581, 1.205757774708665, 1.3579891398651835, 1.115305445706071, 1.3917063587361642, 1.4227948049251329, 1.2927448381349316, 1.2975104728306552]"
freesolv,regression,smi_ted,SMI-TED-Light,spearman,0.9124633203497557,0.031557141672377144,"[0.858492671201872, 0.8572921372968253, 0.9616832022412105, 0.9446293897543657, 0.9230065959216786, 0.9144346118256527, 0.9023855175696349, 0.9250921182251742, 0.9121763114428838, 0.9254406480182589]"
freesolv,regression,molai,MolAI epoch 6,mae,1.044152562519806,0.11667394611804364,"[0.8420959118434362, 0.8977029145391363, 1.0370791302635556, 1.0984453188634553, 1.0473082819217587, 1.0310723504279422, 0.9353062908069506, 1.1857006136407242, 1.1814407535434999, 1.185374059347602]"
freesolv,regression,molai,MolAI epoch 6,normalized_rmse,0.3636688663702509,0.04495939338032374,"[0.2914913524464542, 0.31691574849113635, 0.39532843681227015, 0.35775212183114036, 0.3651131429357679, 0.3262414892959587, 0.3511925574193461, 0.4306264216862603, 0.4394164766950869, 0.3626109160890888]"
freesolv,regression,molai,MolAI epoch 6,r2,0.8510154887572584,0.040952115494419794,"[0.8685079684036889, 0.8749057954659601, 0.916846927976803, 0.850931133316712, 0.8360775823245613, 0.8553000784771936, 0.8731821899491994, 0.786239576963166, 0.874976871483385, 0.7731867632119145]"
freesolv,regression,molai,MolAI epoch 6,rmse,1.4050437019416915,0.15581124486332681,"[1.1497068750273254, 1.2368716413368852, 1.4198592521839628, 1.3924147489494632, 1.41673171674554, 1.2764905418570949, 1.3527338808578073, 1.6711546498997087, 1.622402945674678, 1.5120707668844515]"
freesolv,regression,molai,MolAI epoch 6,spearman,0.9135528112048729,0.028208142154746183,"[0.8905493888949104, 0.8669883902280543, 0.9546491255865027, 0.9290884403713138, 0.938548945562924, 0.9170760103945135, 0.9482706424194823, 0.9105700461110819, 0.8765076975217405, 0.903279424958205]"
freesolv,regression,molformer,MoLFormer,mae,1.292194988183075,0.116354367049342,"[1.3341228504083593, 1.2058992059188973, 1.2454194418135147, 1.1333861983138904, 1.2635889087653742, 1.3200600861114207, 1.180083922652511, 1.248445661828873, 1.4904866628548532, 1.5004569431630574]"
freesolv,regression,molformer,MoLFormer,normalized_rmse,0.43989840545546743,0.03453039480467448,"[0.4278993919698742, 0.4002149571779993, 0.48461799382252846, 0.3922022536581113, 0.4412910365053946, 0.4481308349551612, 0.4100739687764414, 0.4351123410706112, 0.5095218846817129, 0.44991939193683955]"
freesolv,regression,molformer,MoLFormer,r2,0.7792117809911957,0.06318438984218509,"[0.7166446456062112, 0.8005030876419221, 0.8750428075236272, 0.820839327917535, 0.7605396405064297, 0.7269767894836554, 0.8270924150459984, 0.7817628121223736, 0.8319016804775964, 0.6508146035866087]"
freesolv,regression,molformer,MoLFormer,rmse,1.7007971983468184,0.11509341839625237,"[1.687730591795678, 1.5619751726732762, 1.7405510917761298, 1.5264988500125143, 1.712321289520636, 1.7534090270653757, 1.5795350428208168, 1.6885633936755262, 1.8812444467505498, 1.876143077377681]"
freesolv,regression,molformer,MoLFormer,spearman,0.8468465990608113,0.04688814192774063,"[0.7570514128481927, 0.8134807889438157, 0.9242320571931162, 0.8855078973283306, 0.8874981636638155, 0.8212388215717288, 0.8732809021333316, 0.8588902541548125, 0.847056116261446, 0.8002295765095226]"
freesolv,regression,kermt_v2,KERMT v2,mae,1.3330351847618116,0.15234670343297282,"[1.1959826386704737, 1.1271550365079914, 1.452676776658921, 1.1474093930489195, 1.517510824785, 1.237732761994149, 1.2629257602519817, 1.4475903008846527, 1.3631955974618184, 1.5781727573542088]"
freesolv,regression,kermt_v2,KERMT v2,normalized_rmse,0.4872221613331078,0.07903511023973885,"[0.4405774474403853, 0.3694987016364366, 0.6394214066728555, 0.40243798668140107, 0.5384127139428186, 0.4290318207484089, 0.47143349972122545, 0.5045175508918237, 0.5846803417855705, 0.4922101438101535]"
freesolv,regression,kermt_v2,KERMT v2,r2,0.7355474879822095,0.07372860365063393,"[0.6996050621603478, 0.8299504915249452, 0.7824612987995334, 0.8113657939470358, 0.6435373501831784, 0.7497529753960503, 0.7714766815595586, 0.7065875675011416, 0.7786524743495193, 0.5820851844007847]"
freesolv,regression,kermt_v2,KERMT v2,rmse,1.8795593523105005,0.26187924500629306,"[1.7377356688385792, 1.4420945243044292, 2.296542104660353, 1.5663375672645252, 2.0891780624726155, 1.6786799941446213, 1.8158814991138568, 1.9579078492846347, 2.1587426942326884, 2.052493558788701]"
freesolv,regression,kermt_v2,KERMT v2,spearman,0.885451193730088,0.044729283349410495,"[0.8673747832472523, 0.8689527522462858, 0.9342207570557707, 0.9234390465340907, 0.8809133804966548, 0.875263934088263, 0.9073897353754814, 0.9108445927480647, 0.916341760103964, 0.7697711954050509]"
freesolv,regression,molclr_gin,MolCLR-GIN,mae,1.5890878262431056,0.10577350861619111,"[1.412431306887646, 1.7535239941613714, 1.4542456213633221, 1.501476545671446, 1.606566931445424, 1.5575215317902054, 1.5631016261298378, 1.674072254464981, 1.667074404451036, 1.7008640460657878]"
freesolv,regression,molclr_gin,MolCLR-GIN,normalized_rmse,0.5427217967931746,0.039396626001580184,"[0.49702129477085, 0.5822575248116019, 0.5331396187773484, 0.5072132539147488, 0.5934298902299995, 0.48398982317615497, 0.5611378121591786, 0.5774197463299806, 0.5841046196672118, 0.5075043840946716]"
freesolv,regression,molclr_gin,MolCLR-GIN,r2,0.6619771057439523,0.09065595111781799,"[0.6177054755799729, 0.5777401712059915, 0.8487678583696611, 0.7003573010404147, 0.5669657448854379, 0.6815345131512583, 0.6762358850863828, 0.6156656358676201, 0.7790881719989003, 0.5557103002538826]"
freesolv,regression,molclr_gin,MolCLR-GIN,rmse,2.099326888673879,0.14493625715163153,"[1.9603627855066414, 2.2724582915910867, 1.91482107012281, 1.9741356445312632, 2.302658678330758, 1.8937150911513532, 2.161407223193991, 2.2408232412787075, 2.1566170268755145, 2.1162698341566624]"
freesolv,regression,molclr_gin,MolCLR-GIN,spearman,0.8273730189338708,0.05232153119468433,"[0.7996773926182842, 0.7217809713143526, 0.9155623518101732, 0.8302344247163836, 0.8489409871621035, 0.7990203213438473, 0.875313712077784, 0.8160754286084887, 0.877729817518312, 0.7893947821689788]"
freesolv,regression,morgan,Morgan radius-2,mae,1.6338367115248011,0.3017484248612255,"[1.50038742153012, 1.5887378862447905, 2.261093710399809, 1.4418713550230045, 1.5676682365812906, 1.509096808665007, 1.3253915164706938, 1.7143024028615752, 1.3113747581010011, 2.118443019370723]"
freesolv,regression,morgan,Morgan radius-2,normalized_rmse,0.6132521941179205,0.13274891227269855,"[0.5514208207533486, 0.6462296609428319, 0.9662757371829379, 0.5319034197384799, 0.580958633209333, 0.5514391303640781, 0.4772470485917911, 0.6854796263456222, 0.5079992885152542, 0.6335685755355281]"
freesolv,regression,morgan,Morgan radius-2,r2,0.5719191799847282,0.1461436813281002,"[0.529440651812067, 0.4798563238567567, 0.5032197318694822, 0.670475220393062, 0.5849754020700373, 0.5865860998327868, 0.765805794923297, 0.45835460295076735, 0.8329048304701833, 0.3075731416688424]"
freesolv,regression,morgan,Morgan radius-2,rmse,2.3665678732958715,0.45888706587162403,"[2.174926643046104, 2.522131340005953, 3.4704701656753936, 2.0702327714218147, 2.254267033957737, 2.1576251256046692, 1.8382742986168557, 2.6601769127246087, 1.875622753808777, 2.641951688096801]"
freesolv,regression,morgan,Morgan radius-2,spearman,0.7781236831878535,0.06264303198891591,"[0.6877360986732131, 0.7465810711672701, 0.7626414468500786, 0.845076748419732, 0.7972876633424731, 0.8055354202081612, 0.8622825953504433, 0.7873664745382206, 0.8289539000725297, 0.6577754132564129]"
lipophilicity,regression,molformer,MoLFormer,mae,0.6229945792828507,0.015555904376033372,"[0.6288636347893323, 0.6370547038559461, 0.654820864889483, 0.6176152558955694, 0.6247907706976916, 0.6048850139442559, 0.6171045554128186, 0.5980007121291491, 0.6146024830438173, 0.6322077981704449]"
lipophilicity,regression,molformer,MoLFormer,normalized_rmse,0.6691343151557964,0.023918714295315592,"[0.6795949770086803, 0.6961488062086136, 0.7222043436902841, 0.6570351614799527, 0.6624038652443123, 0.6475605901451736, 0.6601265390038938, 0.636346954141414, 0.6545370942570246, 0.6753848203786136]"
lipophilicity,regression,molformer,MoLFormer,r2,0.5369438965194355,0.02649294162285283,"[0.5311411448710679, 0.5648644274115772, 0.4980276953724935, 0.5332333057583919, 0.5602579594071018, 0.5471524274295108, 0.5825276644650148, 0.5377336870185014, 0.49756495331569917, 0.5169357001449977]"
lipophilicity,regression,molformer,MoLFormer,rmse,0.8042752320843256,0.02436384548816234,"[0.816080568868324, 0.8234335799339564, 0.8615047849840394, 0.7940819489265974, 0.7943989474561046, 0.7818896091814619, 0.7887048652872194, 0.7717580569505976, 0.7968123735093591, 0.8140875857455976]"
lipophilicity,regression,molformer,MoLFormer,spearman,0.7251201361600337,0.01560285428781477,"[0.7311413805248366, 0.7439110146088628, 0.7134792766635156, 0.7317773252294345, 0.737505177009634, 0.7344920586671757, 0.7394802222827104, 0.7196056791567126, 0.6922946950110513, 0.7075145324464027]"
lipophilicity,regression,gmolai,gMolAI,mae,0.619779189561887,0.013334493053748302,"[0.6180386106381554, 0.6131842013775494, 0.6399181642600387, 0.6243033114361253, 0.6218486682954468, 0.6116345110648225, 0.6343667035267271, 0.5881704598547208, 0.6229601765778141, 0.6233670885874699]"
lipophilicity,regression,gmolai,gMolAI,normalized_rmse,0.6727181652825003,0.019776284610949713,"[0.674849585611725, 0.670644853908346, 0.722007689141246, 0.655539455140874, 0.6698747340143051, 0.6663312732984775, 0.6893250945301267, 0.6460759087278244, 0.6607946523294189, 0.6717384061226599]"
lipophilicity,regression,gmolai,gMolAI,r2,0.5316608639101986,0.028350659259951415,"[0.5376660631217189, 0.5961634565370417, 0.4983010299158489, 0.5353560270309514, 0.5502828324672466, 0.5205187628592393, 0.5447798331139591, 0.5234906784786906, 0.48791219154151455, 0.5221377640357747]"
lipophilicity,regression,gmolai,gMolAI,rmse,0.808637600433426,0.020477404673107085,"[0.810382142832605, 0.7932664510704459, 0.8612701992515313, 0.792274262710715, 0.8033585121550153, 0.8045540553169434, 0.8235906658757683, 0.7835572791184783, 0.804430123127808, 0.8096923128749495]"
lipophilicity,regression,gmolai,gMolAI,spearman,0.7232101364434866,0.02569449352413708,"[0.7093953517146969, 0.7700953025250644, 0.7349661809623167, 0.7270415715987134, 0.7313833281753941, 0.72770959580122, 0.7380081570670034, 0.6906670861052001, 0.6718776462122626, 0.7309571442729954]"
lipophilicity,regression,kermt_v2,KERMT v2,mae,0.6378878442046128,0.012234251116590896,"[0.6339178559247325, 0.6500603887182557, 0.6509605035657122, 0.6200010794313812, 0.6319783961365226, 0.6328923333742156, 0.6553378918483339, 0.6173580616358483, 0.6432682980873452, 0.6431036333237803]"
lipophilicity,regression,kermt_v2,KERMT v2,normalized_rmse,0.6971579849771757,0.055676597792236326,"[0.6799867411211761, 0.6979550294694798, 0.860358914221457, 0.6547755324241114, 0.6767267345837769, 0.671679528993779, 0.6961348710333105, 0.6711955330775232, 0.6773104192799972, 0.6854565455671459]"
lipophilicity,regression,kermt_v2,KERMT v2,r2,0.4956950012310086,0.07475797262764418,"[0.5306004256991703, 0.5626034981423187, 0.2876082362986111, 0.5364383273087673, 0.541035664514671, 0.5127908359523238, 0.5357412541808362, 0.48571670043574167, 0.46199425871638333, 0.5024208110612634]"
lipophilicity,regression,kermt_v2,KERMT v2,rmse,0.8378879299351872,0.06372661950690633,"[0.8165510124275083, 0.8255700554584283, 1.026306928061515, 0.791350998210852, 0.8115758887827157, 0.8110117453293394, 0.8317268390823238, 0.8140222202222026, 0.8245358857800468, 0.8262277259969419]"
lipophilicity,regression,kermt_v2,KERMT v2,spearman,0.7075720704376351,0.024094477059194895,"[0.7114661518955187, 0.7386007110297723, 0.7258122797417431, 0.7335805546949291, 0.7154078681001937, 0.7016882290898978, 0.6908150937249479, 0.7002624439258742, 0.6493757934947915, 0.708711578678684]"
lipophilicity,regression,smi_ted,SMI-TED-Light,mae,0.6611820100697178,0.011515303095993402,"[0.6686458882202072, 0.6757588304707367, 0.6751540613344535, 0.6426639680260333, 0.6427640516291564, 0.6545338595964445, 0.6636902802039837, 0.6685744075609906, 0.6539915164137252, 0.6660432372414452]"
lipophilicity,regression,smi_ted,SMI-TED-Light,normalized_rmse,0.6989725436460233,0.018988600816699938,"[0.7055991815100984, 0.7235684112878055, 0.7383751286292578, 0.6733728381819867, 0.6841219923925174, 0.694716920637207, 0.699081691911163, 0.6968967971901372, 0.6765306200540909, 0.6974618546659683]"
lipophilicity,regression,smi_ted,SMI-TED-Light,r2,0.4944710703297486,0.02878514369559716,"[0.49457358118973527, 0.5299115070250413, 0.47529683585140436, 0.5097316867287207, 0.5309497463159525, 0.4787969154715197, 0.5318024111220956, 0.4455769933178946, 0.46323237624374203, 0.4848386500313786]"
lipophilicity,regression,smi_ted,SMI-TED-Light,rmse,0.840179403646431,0.018322793422902175,"[0.8473072946688803, 0.8558666220786386, 0.8807946282584355, 0.8138273977504649, 0.8204447757679437, 0.8388279797061133, 0.8352476367266654, 0.8451925708047515, 0.82358658332262, 0.8406985473797962]"
lipophilicity,regression,smi_ted,SMI-TED-Light,spearman,0.6890852657832603,0.02430055634843714,"[0.683622095466236, 0.7162655967655763, 0.6872638940292827, 0.7140293519736622, 0.6967287755372891, 0.6830510286461484, 0.7170022104697461, 0.6389106572204992, 0.6566581123790427, 0.6973209353451195]"
lipophilicity,regression,morgan,Morgan radius-2,mae,0.7210465015821114,0.02678356244976262,"[0.7255350573976687, 0.7234657155172857, 0.7671094900135762, 0.6853293863197594, 0.7553185821460144, 0.717682333911396, 0.7320038180844538, 0.672512376987108, 0.7197880843494385, 0.7117201710944131]"
lipophilicity,regression,morgan,Morgan radius-2,normalized_rmse,0.772454389163402,0.026469048959476448,"[0.7692934100562132, 0.8021426989357525, 0.818197533902256, 0.7270348682552505, 0.7996298922627153, 0.7608694431986951, 0.7693117268983697, 0.7407291560100362, 0.7732274228470226, 0.7641077392677089]"
lipophilicity,regression,morgan,Morgan radius-2,r2,0.38268285660762247,0.03863382877531501,"[0.3992056683093609, 0.4222716321367612, 0.3557181508765799, 0.4284777845622322, 0.3591884762501699, 0.3748107385110361, 0.433006577586205, 0.37364119731669865, 0.29882585551923235, 0.381682485007949]"
lipophilicity,regression,morgan,Morgan radius-2,rmse,0.9284812193667191,0.027228812847525184,"[0.923793472501355, 0.9488075369975112, 0.9760133633608015, 0.8786824495378801, 0.9589695623736304, 0.9187030845212072, 0.9191569586686132, 0.8983522124974642, 0.9413021560842556, 0.921031397124473]"
lipophilicity,regression,morgan,Morgan radius-2,spearman,0.6306862857226337,0.028742826960441746,"[0.6352272498503565, 0.6757494110054846, 0.598346467871708, 0.6619098303162059, 0.6172463426726789, 0.61827640498669, 0.6370838174570987, 0.6414169196926999, 0.5726716183704784, 0.6489347950029369]"
lipophilicity,regression,molclr_gin,MolCLR-GIN,mae,0.7432070781079794,0.023975217668175914,"[0.7441473176506128, 0.7798436184975897, 0.7598362912519367, 0.7540156679895309, 0.7483650060619766, 0.7202354619605114, 0.7291420457248029, 0.6892708363745471, 0.7454199737513235, 0.7617945618169625]"
lipophilicity,regression,molclr_gin,MolCLR-GIN,normalized_rmse,0.7882497241871933,0.038228663179985425,"[0.7873572738883357, 0.8336625854005257, 0.8629483948867755, 0.7904846726739769, 0.7919125341166048, 0.7556325853941411, 0.7491148873281507, 0.7275725777972136, 0.7738917616711716, 0.8099199687150381]"
lipophilicity,regression,molclr_gin,MolCLR-GIN,r2,0.3570221837771156,0.051718674195447116,"[0.37065977621251556, 0.3759763564748769, 0.2833135151902151, 0.3243690383178114, 0.37149794038010797, 0.38338713797649737, 0.4623864928280491, 0.39569393796790764, 0.2976204732410178, 0.30531716918215757]"
lipophilicity,regression,molclr_gin,MolCLR-GIN,rmse,0.9474217858088292,0.04165108360027483,"[0.9454851694249626, 0.9860905614303971, 1.0293958737363587, 0.955366845298899, 0.949714391155463, 0.9123799006146269, 0.8950262129838632, 0.8823959874042738, 0.9421109007679858, 0.9762520152714611]"
lipophilicity,regression,molclr_gin,MolCLR-GIN,spearman,0.5990666746460869,0.028945660516734396,"[0.5901499920986569, 0.6292138704998516, 0.6209095497669361, 0.5940452171402986, 0.5800560749706049, 0.6152714068848103, 0.6397339101773597, 0.6120421385691179, 0.5389532678743791, 0.570291318478853]"
lipophilicity,regression,molai,MolAI epoch 6,mae,0.7770663813603683,0.025862630213727422,"[0.7949973204549631, 0.8066557358508736, 0.8088487606184661, 0.7470954008704511, 0.7274267157582024, 0.7957100697428513, 0.7772595515941751, 0.7508077549226213, 0.7860409433572143, 0.7758215604338654]"
lipophilicity,regression,molai,MolAI epoch 6,normalized_rmse,0.8090996432263797,0.030938831097782185,"[0.8220907490366018, 0.8507610398400871, 0.8452975837432335, 0.7594408903044513, 0.7596749737801837, 0.8213695198175408, 0.8361947971590333, 0.7875112734555658, 0.8094412864798527, 0.7992143186472469]"
lipophilicity,regression,molai,MolAI epoch 6,r2,0.32231420978239955,0.05052434028944236,"[0.3139096286172829, 0.35011635158293397, 0.3123319937980541, 0.3763935614261512, 0.4216271334465933, 0.2714348576179355, 0.3301335334361942, 0.29202509207978145, 0.23160929665599883, 0.3235606491630695]"
lipophilicity,regression,molai,MolAI epoch 6,rmse,0.9725396367277463,0.033220516202075154,"[0.9871942978274948, 1.0063153200235857, 1.008340533385855, 0.917847837715622, 0.9110529561253999, 0.9917532082978144, 0.9990673997781793, 0.9550893050926669, 0.9853877470895662, 0.9633477619412787]"
lipophilicity,regression,molai,MolAI epoch 6,spearman,0.5584796948317946,0.03973423114245156,"[0.5385024411523172, 0.5918627753137224, 0.5406677861373028, 0.5928332910199846, 0.6283478708722148, 0.5088438995549363, 0.5803307339547904, 0.5300470038354348, 0.49670824889489534, 0.5766528975823473]"
hiv,classification,molformer,MoLFormer,average_precision,0.1709028637056569,0.032783736998611174,"[0.13362430623547675, 0.21379579729574527, 0.13358013236842955, 0.1908302828083761, 0.16629213849768748, 0.1945972240016767, 0.12845897056523728, 0.22537169063782614, 0.15148318121241966, 0.17099491343369416]"
hiv,classification,molformer,MoLFormer,balanced_accuracy,0.6876133522904105,0.03223654411037667,"[0.6869779179120001, 0.7067963242549246, 0.6638731916093236, 0.7228086867222423, 0.6770724421209858, 0.6771773982463029, 0.6177261014017327, 0.7322647637957105, 0.6734487217745946, 0.7179879750662883]"
hiv,classification,molformer,MoLFormer,roc_auc,0.7572084264685972,0.03143232286722601,"[0.7446813314940717, 0.7605587025523365, 0.7571385247547165, 0.7935432231562783, 0.7373087455238314, 0.7552465046023645, 0.6851289184213202, 0.8044660620220877, 0.7533870486421964, 0.7806252035167697]"
hiv,classification,kermt_v2,KERMT v2,average_precision,0.14636816848559894,0.0225840927817224,"[0.1640405179231882, 0.1355232495656063, 0.13591809547652503, 0.15661830723765696, 0.12943770695100623, 0.12688535837140574, 0.10406011116263089, 0.15713886379777903, 0.17565946413233172, 0.17840001023785942]"
hiv,classification,kermt_v2,KERMT v2,balanced_accuracy,0.7004972453604427,0.02705683473851189,"[0.7101240133127511, 0.7178532049834163, 0.7075404605389612, 0.7369064878579195, 0.694050286283296, 0.67739824630284, 0.633956881431197, 0.7006910115767684, 0.702625087038695, 0.7238267742785816]"
hiv,classification,kermt_v2,KERMT v2,roc_auc,0.7543541514427377,0.02822399267847407,"[0.7507526740456092, 0.7534504689784709, 0.7793745577353772, 0.7784050828763734, 0.7470450585013693, 0.7416643491253325, 0.6812998500967351, 0.7629526400803724, 0.7615153022315064, 0.7870815307562294]"
hiv,classification,gmolai,gMolAI,average_precision,0.15310729896573844,0.02205830049664816,"[0.1215612829113019, 0.136132521016296, 0.13236653514345229, 0.16992101457103775, 0.17337130234607023, 0.15650600106722715, 0.11962065339609287, 0.17567729571652704, 0.16918628279671394, 0.1767301006926652]"
hiv,classification,gmolai,gMolAI,balanced_accuracy,0.6856796747649307,0.028386041958257578,"[0.6583571452031398, 0.7179059576314507, 0.6674034777483053, 0.727807478555032, 0.6902663679362708, 0.6805146577673079, 0.6257343888416463, 0.6927365543876797, 0.6888819257932955, 0.7071887937851793]"
hiv,classification,gmolai,gMolAI,roc_auc,0.750731217802912,0.019109742256159343,"[0.7317503913905037, 0.7628448982988386, 0.7546006199179612, 0.7701159840521928, 0.7465923670553992, 0.743750817955765, 0.7071916454344047, 0.7634657394215074, 0.7511654895719354, 0.7758342249306105]"
hiv,classification,morgan,Morgan radius-2,average_precision,0.1732292572564463,0.0482160856098389,"[0.1318645887219367, 0.15293100347582142, 0.1716156022634742, 0.15998636029354973, 0.1475117027205173, 0.14484217821690415, 0.19253965731656159, 0.1750626031764366, 0.1470051571430203, 0.30893371923624147]"
hiv,classification,morgan,Morgan radius-2,balanced_accuracy,0.6776116049566683,0.026419167044086967,"[0.6641636833404495, 0.6752706730940691, 0.6470226425248914, 0.6857632596351335, 0.684167289021658, 0.6692595864415652, 0.6598297169910268, 0.7021685108949983, 0.6483736198149805, 0.7400970678079112]"
hiv,classification,morgan,Morgan radius-2,roc_auc,0.735722644477049,0.02863445745125535,"[0.6982191047831753, 0.7419656231053626, 0.7046103016867635, 0.7415226122134013, 0.7437728117041037, 0.7280965078741876, 0.7026699401193739, 0.7648255944156649, 0.7350810703272656, 0.7964628785411918]"
hiv,classification,smi_ted,SMI-TED-Light,average_precision,0.15926811389035858,0.01945383364567059,"[0.15132177660484272, 0.1477234620919292, 0.15756082698330104, 0.1855031447363869, 0.1507807677874767, 0.14450754150774325, 0.12542439348274678, 0.16203358770437018, 0.17297609819217202, 0.19484953981261677]"
hiv,classification,smi_ted,SMI-TED-Light,balanced_accuracy,0.6803662507845435,0.020493528376236712,"[0.6540012152264592, 0.6776363693101439, 0.6938261638411564, 0.7032212758245742, 0.6760019915359721, 0.6751652270645203, 0.6433218014854785, 0.7015817066761312, 0.6699582214264399, 0.7089485354545595]"
hiv,classification,smi_ted,SMI-TED-Light,roc_auc,0.7292932436613956,0.022940069420908205,"[0.711675890344971, 0.7434549566685291, 0.7374325657683978, 0.740669831285295, 0.7250883744087628, 0.7242316668847881, 0.6748728888085676, 0.7567330823209779, 0.722148612354521, 0.756624567769146]"
hiv,classification,molclr_gin,MolCLR-GIN,average_precision,0.09401083245233877,0.01804713454865953,"[0.06885316102681414, 0.0948085275741228, 0.07890037946428168, 0.1021687782703142, 0.08632693904352876, 0.10408624318536297, 0.07035058317977218, 0.10215683976656349, 0.09957606091482483, 0.13288081209780261]"
hiv,classification,molclr_gin,MolCLR-GIN,balanced_accuracy,0.6467917511277476,0.025938439356673722,"[0.6269063180827887, 0.6774784828635623, 0.6222657901818321, 0.6642578832910475, 0.6443116753796365, 0.6495795707368146, 0.6165570495681205, 0.6210333310465923, 0.6449815975330747, 0.7005458125940054]"
hiv,classification,molclr_gin,MolCLR-GIN,roc_auc,0.6949011362809855,0.02869411767694697,"[0.6583174587534624, 0.7264336832344654, 0.6729886481260794, 0.708574479611204, 0.6759058616265486, 0.7021018736640057, 0.6567828403522162, 0.7023896255281946, 0.6930942670512947, 0.7524226248623839]"
hiv,classification,molai,MolAI epoch 6,average_precision,0.11093761732245704,0.018241844819949126,"[0.08519327090621585, 0.1352555237719434, 0.08696636352455721, 0.10450827012622313, 0.13607592687311187, 0.11983430067529474, 0.10194584433252771, 0.13105163981222107, 0.11355155115872922, 0.0949934820437462]"
hiv,classification,molai,MolAI epoch 6,balanced_accuracy,0.6412364471197505,0.024310960618461566,"[0.6287298420205603, 0.6446941981003103, 0.6441202475685235, 0.6436510813096532, 0.6436395319890466, 0.6789196440256511, 0.586505801692019, 0.6708206924743352, 0.6492181438376604, 0.622065288179746]"
hiv,classification,molai,MolAI epoch 6,roc_auc,0.6851686532901103,0.02387390641208567,"[0.6687803122365641, 0.6990037922466982, 0.682176717908852, 0.6744096544252046, 0.6748112828172573, 0.7217573506958077, 0.633722909704663, 0.7140432171385386, 0.6841221525912663, 0.6988591431362516]"
