query_position,candidate_count__greedy,oracle_target_recall__greedy,reranked_canonical_smiles__greedy,reranked_exact_target_identity__greedy,reranked_morgan_similarity_to_target__greedy,reranked_target_scaffold_recovery__greedy,reranked_latent_cosine_to_supplied_condition__greedy,reranked_latent_relative_l2_to_supplied_condition__greedy,candidate_count__k50,oracle_target_recall__k50,reranked_canonical_smiles__k50,reranked_exact_target_identity__k50,reranked_morgan_similarity_to_target__k50,reranked_target_scaffold_recovery__k50,reranked_latent_cosine_to_supplied_condition__k50,reranked_latent_relative_l2_to_supplied_condition__k50,target_index,target_smiles,target_hash,case
4567,1,0.0,CC(O)CS(=O)(=O)N(C)CC12CCC(CC1)C2,0.0,0.61904764,1.0,0.99796104,0.06408748,33,1.0,CC(O)CN(C)S(=O)(=O)CC12CCC(CC1)C2,1.0,1.0,1.0,0.99999994,0.00033954292,42731,CC(O)CN(C)S(=O)(=O)CC12CCC(CC1)C2,b13dfc1b43da74c68dd4b95eb5c3be85fc5536a1ae6a16ad705d0eaae88c47f8,recovered_by_candidate_search
388,1,0.0,Cc1ncsc1C(=O)NCC1CCC(NCc2snnc2Cl)C1,0.0,0.7704918,0.0,0.99803025,0.06345172,41,1.0,Cc1ncsc1C(=O)NCC1CCC(NCc2nnsc2Cl)C1,1.0,1.0,1.0,0.99999994,0.00039789983,23974,Cc1ncsc1C(=O)NCC1CCC(NCc2nnsc2Cl)C1,93670bf904da73621fd41cbe2a487d1c0e082866aba1ef7711f5cb854ada4d63,recovered_by_candidate_search
4204,1,0.0,Cc1ncc(C[NH+](C)C(C)CNC(=O)c2c[nH]c(C(N)=O)c2)o1,0.0,0.85714287,0.0,0.99981076,0.019681023,30,1.0,Cc1ncc(C[NH+](C)C(C)CNC(=O)c2cc(C(N)=O)c[nH]2)o1,1.0,1.0,1.0,0.99999994,0.0003586564,44572,Cc1ncc(C[NH+](C)C(C)CNC(=O)c2cc(C(N)=O)c[nH]2)o1,a4b8813da51fa9d65e48568ae01ae99ad2e91d587ad181285cb8f5ff9de20c5c,recovered_by_candidate_search
3827,1,0.0,O=C(CN1CC2C(C1)C2(F)F)NCC1(c2ccccc2)CCCCC1,0.0,0.85714287,0.0,0.98868686,0.15006213,34,1.0,O=C(CN1CCC2C(C1)C2(F)F)NCC1(c2ccccc2)CCCCC1,1.0,1.0,1.0,0.99999994,0.00039767494,34067,O=C(CN1CCC2C(C1)C2(F)F)NCC1(c2ccccc2)CCCCC1,3cead73f8757429aa412f2fbdd7419ce8d88f46d75410006adc433ba8956cbe0,recovered_by_candidate_search
2854,1,0.0,Cc1ccc(C(=O)N2CCCC(CNC(=O)c3ccccc3)C2)c(C)c1O,0.0,0.8679245,1.0,0.9990865,0.04318152,42,1.0,Cc1ccc(C(=O)N2CCCC(CNC(=O)c3ccccc3)C2)c(O)c1C,1.0,1.0,1.0,0.9999999,0.00054483896,49004,Cc1ccc(C(=O)N2CCCC(CNC(=O)c3ccccc3)C2)c(O)c1C,c14a753faa33adbb4bce8744b5aec0bd277895e913a7b700e5c8dcdcf3a82653,recovered_by_candidate_search
297,1,0.0,CC#CCN1CCCOC(CNC(=O)c2ccc3scnc3c2)C1,0.0,0.8730159,0.0,0.9993265,0.036694318,21,1.0,CC#CCN1CCCOC(CNC(=O)c2ccc3ncsc3c2)C1,1.0,1.0,1.0,0.9999998,0.00056470995,2653,CC#CCN1CCCOC(CNC(=O)c2ccc3ncsc3c2)C1,cf3d8866bb168d07e7322a5c158d8810ba52b882b4518b3bd4b2116d2ac99692,recovered_by_candidate_search
4753,1,0.0,CN(C(=O)C1CC12CCCCC2)C1CN(C(=O)C2CC3(CC3)C2)C1,0.0,0.5283019,0.0,0.93757725,0.38160455,50,1.0,CN(C(=O)C1CC2(CC2)C1)C1CN(C(=O)C2CCCCC2C2CC2)C1,1.0,1.0,1.0,0.99999994,0.00041807705,36786,CN(C(=O)C1CC2(CC2)C1)C1CN(C(=O)C2CCCCC2C2CC2)C1,7d7b14262ab64934db1ae433e48b83339f147578ef2969f23386e44ae36897df,recovered_by_candidate_search
6251,1,0.0,Cc1cnc(NC(C)C)nc1N1CC(=O)N(C)C(C)C1,0.0,0.45762712,0.0,0.99508405,0.09908439,40,1.0,Cc1cnc(N2CC(=O)N(C)CC2C)nc1NC(C)C,1.0,1.0,1.0,0.99999994,0.00031987342,8835,Cc1cnc(N2CC(=O)N(C)CC2C)nc1NC(C)C,6dd28b9518b0f8949b27b2f7423166ff5221699ebc99ad2e6d57f97c74c8de7c,recovered_by_candidate_search
3740,1,0.0,CCCC(NC(=O)N1CCC(O)(C(=O)NCc2ccc(F)cc2)CC1)C(=O)O,0.0,0.66101694,0.0,0.9959017,0.09066541,37,1.0,CCCC(NC(=O)NCc1ccc(F)cc1)C(=O)N1CCC(O)(C(=O)O)CC1,1.0,1.0,1.0,0.9999998,0.00058743864,18915,CCCC(NC(=O)NCc1ccc(F)cc1)C(=O)N1CCC(O)(C(=O)O)CC1,0de8a0ecdc5ff1bd7467f3bbca9dc95a4c0982dfe8a07d835dfcb2041ccc5844,recovered_by_candidate_search
7996,1,0.0,CCN(C(=O)C1CCCC1)C1CN(C(=O)C2CCCN2C)C1,0.0,0.75555557,0.0,0.9991364,0.042058025,50,1.0,CCN(C(=O)C1CCCCN1C)C1CN(C(=O)C2CCC2)C1,1.0,1.0,1.0,0.99999994,0.00039208625,40930,CCN(C(=O)C1CCCCN1C)C1CN(C(=O)C2CCC2)C1,5843d5a5d0265f54aea54c651f2ac9bc44c67484c794c948042188902333ec86,recovered_by_candidate_search
3331,1,0.0,CCC(CC)N1CC(=O)NC(C(C)(CC)CSC)C1=O,0.0,0.4,1.0,0.9932505,0.11695545,50,1.0,CCC(C)C1NC(=O)CN(CC(CC)(CC)SC)C1=O,1.0,1.0,1.0,0.99999994,0.00034181314,27112,CCC(C)C1NC(=O)CN(CC(CC)(CC)SC)C1=O,3638da6f064456d60475dc59eaec002cc251ed0de6cb57f61e9e2eef65ff4f13,recovered_by_candidate_search
2821,1,0.0,CC(C)C1OCCC1CNC(=O)c1cnn(CC2CCCCO2)c1,0.0,0.75,0.0,0.99856347,0.054076996,39,1.0,CC(C)C1CCOC1CNC(=O)c1cnn(CC2CCCCO2)c1,1.0,1.0,1.0,0.9999998,0.0006232905,20807,CC(C)C1CCOC1CNC(=O)c1cnn(CC2CCCCO2)c1,9578a37675e1d7a08d3948eaef1b7ccbbaab3953addc388dfdf4616b687fdeb8,recovered_by_candidate_search
7510,1,0.0,CCc1nccn1C1CCCN(C(=O)c2ccc3c(c2)[nH]c(=O)n3C)C1,0.0,0.87096775,1.0,0.99985224,0.017190957,37,1.0,CCc1nccn1C1CCCN(C(=O)c2ccc3[nH]c(=O)n(C)c3c2)C1,1.0,1.0,1.0,0.9999998,0.00055933354,37636,CCc1nccn1C1CCCN(C(=O)c2ccc3[nH]c(=O)n(C)c3c2)C1,d772c6000b5762858c807c4ae703dd6305dc07b50f338e8cc5cdaa0ad7222d6f,recovered_by_candidate_search
801,0,0.0,,0.0,0.0,0.0,,,18,1.0,COc1ccc(-c2nc(-c3ccc[nH]c3=O)[nH]c2-c2oc(C)cc(=O)c2O)cc1,1.0,1.0,1.0,0.9999999,0.00048092648,30711,COc1ccc(-c2nc(-c3ccc[nH]c3=O)[nH]c2-c2oc(C)cc(=O)c2O)cc1,87dca247f363d979ee3d23ec39246a360bc552e07e7b130ccd221a89dd733f5e,recovered_by_candidate_search
3202,1,0.0,C[NH+](Cc1ccccc1OCC(=O)NCC1COCCO1)CC1CC1,0.0,0.8596491,0.0,0.99868274,0.051888913,29,1.0,C[NH+](Cc1ccccc1OCC(=O)NCC1CC1)CC1COCCO1,1.0,1.0,1.0,0.9999998,0.0005838983,34117,C[NH+](Cc1ccccc1OCC(=O)NCC1CC1)CC1COCCO1,13d4f6d563b88e8c5a90b8681f1bb759612950d4dd71cacfa6344a52764aa121,recovered_by_candidate_search
2126,1,0.0,CC(C)(C)Oc1ncccc1Nc1ccc(S(=O)(=O)C(N)=O)c(O)c1,0.0,0.6727273,1.0,0.99738777,0.07412323,50,1.0,CC(C)(C)Oc1ncccc1Nc1cc(S(=O)(=O)C(N)=O)ccc1O,1.0,1.0,1.0,0.99999976,0.00068155874,22392,CC(C)(C)Oc1ncccc1Nc1cc(S(=O)(=O)C(N)=O)ccc1O,685d5c138ecacf11aa1f228e84993d5a03748f7ae2d8aa4fc347642fcfa27b9d,recovered_by_candidate_search
6,1,0.0,Cc1ccc(Nc2cc(CO)c(Cl)cc2Cl)cn1,0.0,0.59090906,1.0,0.99772745,0.06866273,50,1.0,Cc1ccc(Nc2c(Cl)cc(CO)cc2Cl)cn1,1.0,1.0,1.0,0.9999999,0.000532688,5195,Cc1ccc(Nc2c(Cl)cc(CO)cc2Cl)cn1,5326ed104d7fe3e41c6f60196f88e519b7b067b73140de34d887f53fe5ddf314,recovered_by_candidate_search
6427,1,0.0,CCC(C)C1NC(=O)C(C(C)C)N(CC(C)COC)C1=O,0.0,0.6304348,1.0,0.99566585,0.09550335,50,1.0,CCC(C)C1NC(=O)C(C(C)CC)N(CC(C)OC)C1=O,1.0,1.0,1.0,0.99999994,0.00037795352,29570,CCC(C)C1NC(=O)C(C(C)CC)N(CC(C)OC)C1=O,26073d710e0415366a92772b9c3987f591bceae9457ed2d82fcb8261860d1603,recovered_by_candidate_search
3173,1,0.0,CSC(C)C(=O)OC1CCC2(CCC(=O)N2)C1,0.0,0.67391306,0.0,0.9928933,0.11989499,49,1.0,CSC(C)C(=O)OC1CC(=O)NC2(CCC2)C1,1.0,1.0,1.0,0.99999994,0.00041730795,14253,CSC(C)C(=O)OC1CC(=O)NC2(CCC2)C1,f0c0345ec9b8c0ddd35576e9026667f884baec68b662e35035eeee97bf915582,recovered_by_candidate_search
1440,1,0.0,Cc1n[nH]c(CN2CCC(NC(=O)c3scnc3C)CC2)n1,0.0,0.71428573,0.0,0.99709314,0.0796547,33,1.0,Cc1nnc(CN2CCC(NC(=O)c3scnc3C)CC2)[nH]1,1.0,1.0,1.0,0.9999999,0.00049050886,43362,Cc1nnc(CN2CCC(NC(=O)c3scnc3C)CC2)[nH]1,9c08d843169415a5c04d51d0cb779be64b29459b361b378d48fc4135b6b85057,recovered_by_candidate_search
5729,1,0.0,O=C(OCl)c1ccc(C(=O)OCc2ccc(CCl)cc2)cc1,0.0,0.61290324,0.0,0.95003223,0.31240112,50,1.0,O=C(OOC(=O)c1ccc(CCl)cc1)c1ccc(CCl)cc1,1.0,1.0,1.0,0.9999998,0.0006329793,18,O=C(OOC(=O)c1ccc(CCl)cc1)c1ccc(CCl)cc1,4c18cfaf616a61fe711f850bf917ed9d3bac57ba54f4dfcfc7a8add46a21252b,recovered_by_candidate_search
1338,1,0.0,Cc1cccc(=O)n1CC(=O)NCCNC(=O)C1C[NH+](C)CCO1,0.0,0.6666667,1.0,0.9933355,0.116346434,30,1.0,Cc1cccn(CC(=O)NCCNC(=O)C2C[NH+](C)CCO2)c1=O,1.0,1.0,1.0,0.99999994,0.00042048856,14032,Cc1cccn(CC(=O)NCCNC(=O)C2C[NH+](C)CCO2)c1=O,486c52b12f765af478d5425527fb46e1c48f053cac1751c670305c3e22d0a8d5,recovered_by_candidate_search
3762,1,0.0,O=C(COC(=O)COc1ccccc1)NCc1ncccn1,0.0,0.62222224,0.0,0.99856913,0.05377704,39,1.0,O=C(COc1ccccc1)NCC(=O)OCc1ncccn1,1.0,1.0,1.0,0.99999994,0.00041918692,302,O=C(COc1ccccc1)NCC(=O)OCc1ncccn1,345058cb9df1f62c5ed14843031d97f23308b11771fad2cc4249b132e894caef,recovered_by_candidate_search
6878,1,0.0,CCC1NC(=O)C(CC)N(CC(C)CS(=O)C(C)C)C1=O,0.0,0.4181818,1.0,0.9941903,0.10788578,50,1.0,CCC(C)C1NC(=O)C(CC)N(CCC(C)S(C)=O)C1=O,1.0,1.0,1.0,0.99999994,0.00031188657,15453,CCC(C)C1NC(=O)C(CC)N(CCC(C)S(C)=O)C1=O,55b19764d6021d8a82d66b5f8213be3f3e5ace7dc770f5dad4fe58c98b600996,recovered_by_candidate_search
5454,1,0.0,CCOc1ccc(CC(NC(=O)Cc2c[nH]c3ccccc23)C(=O)O)cc1,0.0,0.8490566,0.0,0.9977963,0.06647028,27,1.0,CCOc1ccc(CC(=O)NC(Cc2c[nH]c3ccccc23)C(=O)O)cc1,1.0,1.0,1.0,1.0,1.2217315e-07,49945,CCOc1ccc(CC(=O)NC(Cc2c[nH]c3ccccc23)C(=O)O)cc1,91272c479c0ad135ef908b54795f6ca3356e4daebf463be657dff867610b46c3,recovered_by_candidate_search
3698,1,0.0,Cc1ccc(N)c(Nc2c(C)cc(Cl)cc2F)n1,0.0,0.5652174,0.0,0.9948756,0.10260361,50,1.0,Cc1ccc(Nc2c(N)cc(Cl)cc2F)c(C)n1,1.0,1.0,1.0,1.0,0.00014540853,49827,Cc1ccc(Nc2c(N)cc(Cl)cc2F)c(C)n1,3501c2f29253ac1465dce3d0c1fb506ae8251153ff6d8397e4ae3c616fc36533,recovered_by_candidate_search
3368,1,0.0,CC1C[NH+](Cc2cc3ccccc3n(C)c2=O)CC(C)C(c2ccccc2N)O1,0.0,0.59375,0.0,0.91906935,0.44472572,33,1.0,CC1C[NH+](Cc2ccccc2NCc2cc3ccccc3n(C)c2=O)CC(C)O1,1.0,1.0,1.0,0.9999998,0.0006252877,16648,CC1C[NH+](Cc2ccccc2NCc2cc3ccccc3n(C)c2=O)CC(C)O1,9f3ac87de7a4b2bb9a277ca3a943f6f71e9d44481a0b0cb51e484ad815fe4a50,recovered_by_candidate_search
7077,1,0.0,CN(C)c1ccc(C(=O)Nc2ccccc2COc2ccncc2N)cc1,0.0,0.8490566,0.0,0.9995618,0.029705236,50,1.0,CN(C)c1ccc(C(=O)Nc2ccccc2COc2cnccc2N)cc1,1.0,1.0,1.0,0.9999998,0.0005672604,32531,CN(C)c1ccc(C(=O)Nc2ccccc2COc2cnccc2N)cc1,3664df12d24f4d7281bb29ab6869ccc932b3182d3bc210472395028625cb1934,recovered_by_candidate_search
6091,1,0.0,COc1ncc(C#N)cc1Nc1ccc(C)cc1C(F)(F)F,0.0,0.58181816,1.0,0.99692565,0.07847431,50,1.0,COc1ncc(Nc2ccc(C)cc2C#N)cc1C(F)(F)F,1.0,1.0,1.0,0.9999998,0.0005911919,47421,COc1ncc(Nc2ccc(C)cc2C#N)cc1C(F)(F)F,1ea82d1bb3d46f030c69fb5730dd1bfb779f2aba158df57c6ec65d2b8a930045,recovered_by_candidate_search
9937,1,0.0,O=C(c1ccc(-c2cnn(CC3(O)CC3)c2)cc1)N1CCC(n2ncc3c(=O)n(-c4ccc(F)cc4)cnc32)CC1,0.0,0.60714287,0.0,0.9973888,0.07661457,36,1.0,O=C(c1ccc(F)cc1)N1CCC(O)(Cn2cnc3c(cnn3-c3ccc(-c4cnn(C5CC5)c4)cc3)c2=O)CC1,1.0,1.0,1.0,0.99999994,0.00040481065,32291,O=C(c1ccc(F)cc1)N1CCC(O)(Cn2cnc3c(cnn3-c3ccc(-c4cnn(C5CC5)c4)cc3)c2=O)CC1,97fe701744efce1043f908203bd2311e868c70778ba9f622919924b34e94e259,recovered_by_candidate_search
6720,1,0.0,CC1CC1C1CC[NH+](C2CCCN(c3nc(Cc4ccccc4)no3)C2=O)CC1,0.0,0.5,0.0,0.9626373,0.27196112,50,1.0,CC1CC1c1noc(CC2CC[NH+](C3CCCN(c4ccccc4)C3=O)CC2)n1,1.0,1.0,1.0,0.99999994,0.00041325676,48401,CC1CC1c1noc(CC2CC[NH+](C3CCCN(c4ccccc4)C3=O)CC2)n1,c6f8aae5bad92b3877c0f90cff448f909f66f498e49e161ff9f73e6b414b343a,recovered_by_candidate_search
7539,1,0.0,N#CCc1c(C#N)c(NC(=O)c2ccc(C#N)[nH]2)nn1-c1ccccc1,0.0,0.68421054,0.0,0.9986724,0.054114286,34,1.0,N#CCc1nn(-c2ccccc2)c(NC(=O)c2ccc(C#N)[nH]2)c1C#N,1.0,1.0,1.0,0.9999999,0.00052152196,31026,N#CCc1nn(-c2ccccc2)c(NC(=O)c2ccc(C#N)[nH]2)c1C#N,e9ac3b2cc8ceea0035c4e18fcf4b0fd58bc87f6712d7c21853b59754c5db85ed,recovered_by_candidate_search
6695,1,0.0,O=C(NCCOCCCNC(=O)c1cnccn1)c1cn[nH]c1,0.0,1.0,0.0,0.99999934,0.0011213265,37,1.0,O=C(NCCCOCCNC(=O)c1cnccn1)c1cn[nH]c1,1.0,1.0,1.0,0.99999994,0.0003393533,46930,O=C(NCCCOCCNC(=O)c1cnccn1)c1cn[nH]c1,69fae5f01b1f5bde8d4f8a3548b3ac2d19c7cf336b7b602ceb9c1bf181d773df,recovered_by_candidate_search
3380,0,0.0,,0.0,0.0,0.0,,,42,1.0,Nc1ncc(-c2ccc(-c3noc(Cc4c[nH]c5ccccc45)n3)o2)cn1,1.0,1.0,1.0,0.99999994,0.00034716027,40352,Nc1ncc(-c2ccc(-c3noc(Cc4c[nH]c5ccccc45)n3)o2)cn1,78fd4d057cae1791611437a5502ad983a52db16b57c8edaff165e0ee0905cb44,recovered_by_candidate_search
6459,1,0.0,CCc1cccnc1C(=O)NCCC(C)NC(=O)c1cc(C)c(C)o1,0.0,0.9230769,1.0,0.9999636,0.008609075,41,1.0,CCc1cccnc1C(=O)NC(C)CCNC(=O)c1cc(C)c(C)o1,1.0,1.0,1.0,0.9999999,0.0004850815,23961,CCc1cccnc1C(=O)NC(C)CCNC(=O)c1cc(C)c(C)o1,65f76e40d347a10e6e7bde1aea47bd4651c9f727659922c9973e4b080d8dfd7a,recovered_by_candidate_search
7632,1,0.0,[NH3+]C1(CC[NH+]2CC3CCCC3C2)CCCCO1,0.0,0.30769232,1.0,0.99251294,0.122541904,50,1.0,[NH3+]C12CCCC1C[NH+](CCC1CCCCO1)C2,1.0,1.0,1.0,0.99999994,0.00036737713,11659,[NH3+]C12CCCC1C[NH+](CCC1CCCCO1)C2,662f7719eaa25f264782285a6f63e75b495c631e23c86f961e7f52d6e77ce589,recovered_by_candidate_search
3285,1,0.0,COC(=O)c1cccc(-c2c(-c3ccc(-c4ccccc4C(=O)O)cc3)nn(C(=O)O)c2C)n1,0.0,0.3243243,0.0,0.96746796,0.2615918,50,1.0,COC(=O)c1c(-c2ccc(-c3cncc(C(=O)O)c3)cc2)nn(-c2ccccc2)c1C(=O)OC,1.0,1.0,1.0,0.9999999,0.0005177972,9912,COC(=O)c1c(-c2ccc(-c3cncc(C(=O)O)c3)cc2)nn(-c2ccccc2)c1C(=O)OC,bbc6df4ca74af5da2c67e2b735c5f14b1ed41ff9f49064b64a651cbf708eb0f2,recovered_by_candidate_search
8139,1,0.0,CNc1cccc(F)c1Nc1cncc(Br)c1C,0.0,0.71428573,1.0,0.9971698,0.07530603,50,1.0,CNc1cccc(Br)c1Nc1cncc(F)c1C,1.0,1.0,1.0,0.9999998,0.00059466274,24573,CNc1cccc(Br)c1Nc1cncc(F)c1C,b2a3b0e0bb674f5270e7a594d1d63876667d0efe73b31107b0c92dfe24341093,recovered_by_candidate_search
7810,1,0.0,COC(=O)c1cc(Br)ccc1OC(C)C1CC[NH2+]CC1,0.0,0.82222223,1.0,0.9987409,0.050355498,12,1.0,COC(=O)c1ccc(Br)cc1OC(C)C1CC[NH2+]CC1,1.0,1.0,1.0,0.9999998,0.00060548435,39169,COC(=O)c1ccc(Br)cc1OC(C)C1CC[NH2+]CC1,139513a9eb777c7a478672d3e479576fa6937876bf739ab43c44faa391205e8a,recovered_by_candidate_search
2429,1,0.0,COc1cc(C=NNC(=O)c2cccnc2)ccc1OC(=O)c1ccc(Cl)cc1,0.0,0.9285714,0.0,0.99990386,0.013932353,50,1.0,COc1cc(C=NNC(=O)c2ccc(Cl)cc2)ccc1OC(=O)c1cccnc1,1.0,1.0,1.0,0.9999998,0.0005987135,42806,COc1cc(C=NNC(=O)c2ccc(Cl)cc2)ccc1OC(=O)c1cccnc1,1f4541c6c8ee9cc16843d1ad418adf6040b01b606c9567af9537518efd655b4b,recovered_by_candidate_search
5341,1,0.0,CC=CC=CC=CN(C)CCO,0.0,0.3939394,1.0,0.97255254,0.23357089,50,1.0,CC=CN(C)C=CC=CCCO,1.0,1.0,1.0,1.0,0.00022674864,38546,CC=CN(C)C=CC=CCCO,ba57dcf5375da52361618f2299597af050ce592226dc7b1a5514538b6bb77d85,recovered_by_candidate_search
5933,1,0.0,O=C(CN(CCN1CCOCC1)C(=O)C1CCC1)N1CCN(c2ccc(-c3ccccc3)nn2)CC1,0.0,0.95238096,0.0,0.9954933,0.09498819,49,1.0,O=C(CN(CCN1CCOCC1)C(=O)C1CCC1)N1CCCN(c2ccc(-c3ccccc3)nn2)CC1,1.0,1.0,1.0,0.9999999,0.0004238293,21152,O=C(CN(CCN1CCOCC1)C(=O)C1CCC1)N1CCCN(c2ccc(-c3ccccc3)nn2)CC1,37341e47025d08147d3333c52b43e747384c39bb667907fce1c417a423c24d28,recovered_by_candidate_search
5447,1,0.0,O=C(OC(=S)S)OC12CCC(CC1)C2,0.0,0.6571429,1.0,0.98990023,0.14279296,49,1.0,O=C(S)OC(=S)OC12CCC(CC1)C2,1.0,1.0,1.0,0.99999994,0.00036510208,13482,O=C(S)OC(=S)OC12CCC(CC1)C2,1b65ecd49798d8d98dc4566a7c2165910d3cd2e30a4f59ecd6f7ddf82eed81e0,recovered_by_candidate_search
2597,1,0.0,CC1CC1C(=O)NCC1CCCN(C(=O)COCC2CC2)C1,0.0,0.7058824,0.0,0.99941343,0.03474819,30,1.0,CC1CC1C(=O)N1CCCC(CNC(=O)COCC2CC2)C1,1.0,1.0,1.0,0.9999999,0.0004990808,9696,CC1CC1C(=O)N1CCCC(CNC(=O)COCC2CC2)C1,12199118a9608e606c0b1b819b8f8759cdbd771c94cfcc670369ef68135eb784,recovered_by_candidate_search
13,1,0.0,Cc1ccc(NC(=O)CN2CCC3CN(C(=O)C4CC4)C3C2)c(C)c1,0.0,0.8490566,0.0,0.998493,0.055365242,28,1.0,Cc1ccc(NC(=O)CN2CC3CCN(C(=O)C4CC4)C3C2)c(C)c1,1.0,1.0,1.0,0.9999998,0.00057047437,41967,Cc1ccc(NC(=O)CN2CC3CCN(C(=O)C4CC4)C3C2)c(C)c1,a082e529ca7aa2bc2ef5215142655ee13dbfdcc93db300ff8fcad3f3e0417d91,recovered_by_candidate_search
8646,1,0.0,C=CCN1C(=O)C(CC(=O)Nc2ccc(F)cc2)SC1=NS(=O)(=O)c1ccc(Cl)cc1,0.0,1.0,1.0,0.9999901,0.0045166975,45,1.0,C=CCN1C(=O)C(CC(=O)Nc2ccc(Cl)cc2)SC1=NS(=O)(=O)c1ccc(F)cc1,1.0,1.0,1.0,0.9999998,0.0005657589,13865,C=CCN1C(=O)C(CC(=O)Nc2ccc(Cl)cc2)SC1=NS(=O)(=O)c1ccc(F)cc1,a42878eba9c0f0f46bc1fe7b12b4fdb587e90372be1f2f3f73ef6f69e118e8f2,recovered_by_candidate_search
3351,1,0.0,CCCc1nnn(-c2ccc(N3CCN(C)CC3)cc2)c1C#N,0.0,0.6666667,1.0,0.9967384,0.080764964,23,1.0,CCCc1c(C#N)nnn1-c1ccc(N2CCN(C)CC2)cc1,1.0,1.0,1.0,0.9999999,0.0005450489,41120,CCCc1c(C#N)nnn1-c1ccc(N2CCN(C)CC2)cc1,b7ac03b19cd191a418dcc25b392ccc872640395ee79b5bee491367d89caf2bb4,recovered_by_candidate_search
4571,1,0.0,O=C(CCn1cc([N+](=O)[O-])c(Cl)n1)NCC12CC3CC(CC(C3)C1)C2,0.0,0.74545455,1.0,0.9942329,0.10725762,41,1.0,O=C(CCn1cc(Cl)c([N+](=O)[O-])n1)NCC12CC3CC(CC(C3)C1)C2,1.0,1.0,1.0,0.9999999,0.0004581711,16113,O=C(CCn1cc(Cl)c([N+](=O)[O-])n1)NCC12CC3CC(CC(C3)C1)C2,9bb48fd901116d21c72300de213c5d9e83a89787adc88e2ccd9acd07c79e5245,recovered_by_candidate_search
110,1,0.0,CC(C)(O)C#CC1(O)CC2(C)CC1CC2(C)C,0.0,0.41860464,1.0,0.99492824,0.10218973,50,1.0,CC(C)(O)C#CC1(O)CC2CCC1(C)C2(C)C,1.0,1.0,1.0,1.0,0.00024547032,44462,CC(C)(O)C#CC1(O)CC2CCC1(C)C2(C)C,8efa3e77b77dde77deedb83650203f021f50a7d52ddaa7cd00cae83ec79b7abf,recovered_by_candidate_search
2044,1,0.0,Nc1nc(C(=O)O)n2cc(-c3ccc(O)c(F)c3)cc2n1,0.0,0.537037,0.0,0.9891915,0.15292218,47,1.0,Nc1nc2cc(C(=O)O)c(-c3ccc(O)c(F)c3)cn2n1,1.0,1.0,1.0,0.9999999,0.000496302,26739,Nc1nc2cc(C(=O)O)c(-c3ccc(O)c(F)c3)cn2n1,d87c6fa2179094275dcbe19fd3b2eb9a0591f30eb4f8426e490efea2ba1db386,recovered_by_candidate_search
8625,1,0.0,CCCC(C)[NH+](C)CCNC(=O)N1CC2CC1CS2=O,0.0,0.5689655,1.0,0.9958956,0.092026904,47,1.0,CCCC[NH+](C)CC(C)NC(=O)N1CC2CC1CS2=O,1.0,1.0,1.0,0.99999994,0.0004081836,46305,CCCC[NH+](C)CC(C)NC(=O)N1CC2CC1CS2=O,2e8e3f5eaaf746afaaad6f312c2f497ca600e018086bf92cbc2e44f577d3b025,recovered_by_candidate_search
9905,0,0.0,,0.0,0.0,0.0,,,6,1.0,COc1ccc(CC(CO)CNC(=O)c2cc(=O)n(C)[n-]2)cc1Br,1.0,1.0,1.0,0.9999998,0.00060769747,4688,COc1ccc(CC(CO)CNC(=O)c2cc(=O)n(C)[n-]2)cc1Br,789b3143f5984bc4031020de169810020bea7c95d9b44b76e4302c679e0e83ce,recovered_by_candidate_search
8034,1,0.0,Nc1cc(Br)cc(F)c1Nc1cc(Cl)cnc1F,0.0,0.71428573,1.0,0.9997484,0.02244611,50,1.0,Nc1cc(Cl)cc(F)c1Nc1cc(Br)cnc1F,1.0,1.0,1.0,0.99999994,0.0004034921,22497,Nc1cc(Cl)cc(F)c1Nc1cc(Br)cnc1F,178bc1b7d57c1ccf6051ea6f148b3b637b929d1f3e3f290f2ab3255e7a5b3470,recovered_by_candidate_search
6633,1,0.0,C=C(C)C(=O)OC(C)(CC1CC2CCC1C2)OC(F)(F)F,0.0,0.60784316,1.0,0.9926902,0.12442651,50,1.0,C=C(C)C(=O)OC(C)(OCC1CC2CCC1C2)C(F)(F)F,1.0,1.0,1.0,0.99999994,0.0003030025,14040,C=C(C)C(=O)OC(C)(OCC1CC2CCC1C2)C(F)(F)F,3d486b11d4917664da2074d628c1344a8609562d74ca6cc14ee4a55294684eeb,recovered_by_candidate_search
5769,0,0.0,,0.0,0.0,0.0,,,21,1.0,COc1cccc(SCC(=O)Nc2cncc(-c3nncn3C)c2)c1,1.0,1.0,1.0,0.99999976,0.0006840918,42415,COc1cccc(SCC(=O)Nc2cncc(-c3nncn3C)c2)c1,e386f6fbcef85d591fcf78634e9ec80047cb63d8c46e05ff36faa5a2abb05cb4,recovered_by_candidate_search
4703,1,0.0,CC(C)(C)OC(=O)N1CCC[NH+](CC2CC(F)(F)CN2C2CCC2)C1,0.0,0.46268657,0.0,0.9599063,0.28137302,50,1.0,CC(C)(C)OC(=O)N1CC(F)(F)CC1CN1CCC[NH+]2CCCC2C1,1.0,1.0,1.0,0.99999994,0.00035067144,31936,CC(C)(C)OC(=O)N1CC(F)(F)CC1CN1CCC[NH+]2CCCC2C1,be94244eaf6dc7169c4bc7a7cf88f8a076f5bf6a0f95f9c5d7e18aea8680727d,recovered_by_candidate_search
9102,1,0.0,CNC(=O)Nc1cc(-c2ccc3c(c2)CCN(c2c(C)ccc(C(C)(C)C)c2O)C3=O)cn(C)c1=O,0.0,0.7605634,0.0,0.9991411,0.042105693,50,1.0,CNC(=O)Nc1cc(-c2ccc(C)c(N3CCc4cc(C(C)(C)C)ccc4C3=O)c2O)cn(C)c1=O,1.0,1.0,1.0,0.9999998,0.00061664527,49023,CNC(=O)Nc1cc(-c2ccc(C)c(N3CCc4cc(C(C)(C)C)ccc4C3=O)c2O)cn(C)c1=O,e661cc665d60ee6d357c0f87af89f13bd7905a2bccdc9510d8ada7287603e7a0,recovered_by_candidate_search
8243,1,0.0,CC(=O)Nc1cc(Nc2ccc(Cl)c(S(=O)(=O)[O-])c2)ccn1,0.0,0.5272727,0.0,0.99370843,0.11210006,50,1.0,CC(=O)Nc1ccc(Nc2cc(S(=O)(=O)[O-])ccc2Cl)cn1,1.0,1.0,1.0,0.9999998,0.0005928583,18834,CC(=O)Nc1ccc(Nc2cc(S(=O)(=O)[O-])ccc2Cl)cn1,cbce24a763c917e365d70e703b4ed80c42a2f5443b7626f21a918562f73012e4,recovered_by_candidate_search
5586,1,0.0,O=C(Nc1ccc2occc2c1)NC1CCc2n[nH]c(=O)cc2C1,0.0,0.6212121,0.0,0.9874856,0.15797949,25,1.0,O=C(Nc1ccc2occc(=O)c2c1)NC1CCc2n[nH]cc2C1,1.0,1.0,1.0,0.9999999,0.0005330535,8804,O=C(Nc1ccc2occc(=O)c2c1)NC1CCc2n[nH]cc2C1,2cb11572c3907dcac100ed1ff5dee9acc301a63724b153e1ae8a9cfeafd15ce0,recovered_by_candidate_search
3338,1,0.0,CS(=O)(=O)c1cccc(N2CC3CCC34COCC4C2)c1[N+](=O)[O-],0.0,0.49253732,0.0,0.9903321,0.13985142,25,1.0,CS(=O)(=O)c1cccc(N2CC3(CCC3)C3COCC32)c1[N+](=O)[O-],1.0,1.0,1.0,0.99999994,0.0003122064,46224,CS(=O)(=O)c1cccc(N2CC3(CCC3)C3COCC32)c1[N+](=O)[O-],13a6b86ce9475bb36f0f17d291ec695f9cb1061df5036d62000b5bc00fec4617,recovered_by_candidate_search
2889,1,0.0,COc1cccc2c1SC(O)(c1ccc(O)cc1)C2O,0.0,0.31034482,0.0,0.9455634,0.3468656,50,1.0,COc1cccc2c1C(Sc1ccc(O)cc1)CS2(O)O,1.0,1.0,1.0,0.9999999,0.0004711301,34499,COc1cccc2c1C(Sc1ccc(O)cc1)CS2(O)O,14bb9fbe88f4914d1e3780280d58c3d4178577aac50f1c39ca61358f9535a657,recovered_by_candidate_search
4437,1,0.0,CC1CC(NC(=O)N2CCOC(c3cccc(Cl)c3)C2)C1C,0.0,0.484375,1.0,0.9777531,0.21005678,31,1.0,CC1CC(NC(=O)N2CCOC(c3cccc(Cl)c3)C2C)C1,1.0,1.0,1.0,0.99999976,0.00068388897,7645,CC1CC(NC(=O)N2CCOC(c3cccc(Cl)c3)C2C)C1,45ca73917c391268a1f4ae6edcfa033449b686fa76f6dc40937f0afd962351d7,recovered_by_candidate_search
5,1,0.0,Cc1cc(C(=O)c2ccn[nH]2)c(C)cn1,0.0,0.3469388,0.0,0.9883012,0.15278506,45,1.0,Cc1nccc(C(=O)c2cnc[nH]2)c1C,1.0,1.0,1.0,0.9999999,0.00042723765,12470,Cc1nccc(C(=O)c2cnc[nH]2)c1C,1fd0a7f8295b9e8d98ee13e6030c3f9dba7fba4f983cf6ceff233d0126ffc978,recovered_by_candidate_search
5122,1,0.0,Cc1cnc(Nc2cc(Cl)cc(CO)c2)c(C#N)c1,0.0,0.6875,0.0,0.9967063,0.08158012,50,1.0,Cc1cnc(C#N)c(Nc2cc(Cl)cc(CO)c2)c1,1.0,1.0,1.0,0.9999999,0.0005027227,28040,Cc1cnc(C#N)c(Nc2cc(Cl)cc(CO)c2)c1,4c4280e34fe235957190ba39a40259bb8ff19fb83ca0d6117767382babc1cf0f,recovered_by_candidate_search
2156,1,0.0,O=C(COc1ccc(C(F)(F)F)cc1)Nc1ccc(S(=O)(=O)N2CCCC2)cc1,0.0,1.0,0.0,0.99998343,0.005766996,39,1.0,O=C(COc1ccc(S(=O)(=O)N2CCCC2)cc1)Nc1ccc(C(F)(F)F)cc1,1.0,1.0,1.0,0.99999976,0.00072421326,36590,O=C(COc1ccc(S(=O)(=O)N2CCCC2)cc1)Nc1ccc(C(F)(F)F)cc1,7e0b2d903d7ad193cf9932ecc100269032e961e98f43bbbbd9c4588d17f26fa4,recovered_by_candidate_search
4465,1,0.0,CC(Oc1ccc(F)cc1)C(=O)N1CCc2c(-c3ccc(Br)cc3)noc2C1,0.0,0.73770493,0.0,0.9960951,0.08830204,30,1.0,CC(Oc1ccc(Br)cc1)C(=O)N1CCc2c(noc2-c2ccc(F)cc2)C1,1.0,1.0,1.0,0.99999976,0.0006731491,44042,CC(Oc1ccc(Br)cc1)C(=O)N1CCc2c(noc2-c2ccc(F)cc2)C1,ff046f63b5a7a647793cdfbdad11ee4352130f22318fbc3bc66891cc011fc071,recovered_by_candidate_search
5685,1,0.0,CS(=O)(=O)c1ccc(Nc2ccc(F)cc2[N+](=O)[O-])nc1,0.0,0.64,0.0,0.9982782,0.058800656,27,1.0,CS(=O)(=O)c1ccc(Nc2ccc(F)cc2[N+](=O)[O-])cn1,1.0,1.0,1.0,0.99999994,0.00040135047,15665,CS(=O)(=O)c1ccc(Nc2ccc(F)cc2[N+](=O)[O-])cn1,7a2184078bd3b1246812966d0e4ffce68fa47cd48b723fbd9e008188650d16f9,recovered_by_candidate_search
363,1,0.0,Cc1ccc2[nH]cc(CCNC(=O)C(c3cccc(Cl)c3)N(C)C)c2c1,0.0,0.8596491,1.0,0.9992319,0.039392427,33,1.0,Cc1ccc2c(CCNC(=O)C(c3cccc(Cl)c3)N(C)C)c[nH]c2c1,1.0,1.0,1.0,0.9999997,0.0007526166,30747,Cc1ccc2c(CCNC(=O)C(c3cccc(Cl)c3)N(C)C)c[nH]c2c1,42caec342c9bad628c160eaa51ef1eaff189ec47747be376f9e5bc33538ceb19,recovered_by_candidate_search
2865,1,0.0,Cc1ccc(CNc2cc[nH+]cc2N2CCOCC2)c(Cl)c1,0.0,0.61403507,0.0,0.9938881,0.110396266,50,1.0,Cc1c[nH+]ccc1NCc1cc(Cl)ccc1N1CCOCC1,1.0,1.0,1.0,0.9999998,0.0006222474,28642,Cc1c[nH+]ccc1NCc1cc(Cl)ccc1N1CCOCC1,6605406cce746e34737fef3d926b1b05152a938932f22b65afa6136a080f9e30,recovered_by_candidate_search
7886,1,0.0,CN(C(=O)CC(=C[Si](C)(C)C)[Si](C)(C)C)[Si](C)(C)C,0.0,0.34146342,1.0,0.95559245,0.30879277,50,1.0,CN(C(=O)C[Si](C)(C)C)C(=C[Si](C)(C)C)O[Si](C)(C)C,1.0,1.0,1.0,0.99999994,0.00025252576,12957,CN(C(=O)C[Si](C)(C)C)C(=C[Si](C)(C)C)O[Si](C)(C)C,199daa13e421ce7acf3cf32413a7f71de71852c2c9a2db54a45ed75d44dfc1a8,recovered_by_candidate_search
2309,1,0.0,CC1c2ccccc2Oc2ccc(Cl)cc2C2C(=O)N(C)CC12,0.0,0.5,0.0,0.98195946,0.18909216,50,1.0,CN1CC2c3ccccc3Oc3ccc(Cl)cc3C2(C)C1=O,1.0,1.0,1.0,0.99999994,0.00036643076,49499,CN1CC2c3ccccc3Oc3ccc(Cl)cc3C2(C)C1=O,c2321fef58169256a1501e127515bd219affe04fabcb3c5022cd32eb31a167ba,recovered_by_candidate_search
8073,1,0.0,Cc1ccc(C(=O)N(C)C)cc1Nc1cncc(C(C)(C)C)c1,0.0,0.82608694,1.0,0.9988121,0.04889905,33,1.0,Cc1cc(C(=O)N(C)C)ccc1Nc1cncc(C(C)(C)C)c1,1.0,1.0,1.0,0.99999976,0.0006880028,26601,Cc1cc(C(=O)N(C)C)ccc1Nc1cncc(C(C)(C)C)c1,cb975c73a35a33205aa1c2e7993def851b6d9f33e7cca2ca18b7d55a7a9a1ce8,recovered_by_candidate_search
91,1,0.0,Cc1conc1NC(=O)NC1CCSc2ccccc21,0.0,0.7307692,0.0,0.99725616,0.074416764,26,1.0,Cc1nocc1NC(=O)NC1CCSc2ccccc21,1.0,1.0,1.0,0.9999999,0.00049172575,21214,Cc1nocc1NC(=O)NC1CCSc2ccccc21,728be0cdd1852a7238aa0f17b414514ebb6a8467ef79509677d7f2d182b001c1,recovered_by_candidate_search
9455,1,0.0,Cc1cc(N2CCC(c3nccn3C3CC3)CC2)nc(C)n1,0.0,0.42857143,0.0,0.9935543,0.113400035,34,1.0,Cc1cc(N2CCC(n3cncc3C)CC2)nc(C2CC2)n1,1.0,1.0,1.0,0.9999999,0.00043701832,33430,Cc1cc(N2CCC(n3cncc3C)CC2)nc(C2CC2)n1,201695e1502c68af53098761cf4e7be65e6d762ff8c689e609ed3de5d0232cb2,recovered_by_candidate_search
5102,1,0.0,CC1C(=O)CCC1CC(=O)N1CCC(NC(=O)Nc2ccccc2)CC1,0.0,0.7090909,0.0,0.9977258,0.06747531,50,1.0,CC1C(=O)CCC1CC(=O)NC1CCN(C(=O)Nc2ccccc2)CC1,1.0,1.0,1.0,0.9999999,0.0005305167,34521,CC1C(=O)CCC1CC(=O)NC1CCN(C(=O)Nc2ccccc2)CC1,a68475dab224b56e4fc7e33930ae6b6a726252dd7aed0981438d7b4ee1380fde,recovered_by_candidate_search
8983,1,0.0,CN(C)c1ccc(Nc2ncnc3c([N+](=O)[O-])cccc23)cn1,0.0,0.71153843,1.0,0.9978643,0.06537749,49,1.0,CN(C)c1ccc(Nc2ncnc3cccc([N+](=O)[O-])c23)cn1,1.0,1.0,1.0,0.9999999,0.00047661847,14788,CN(C)c1ccc(Nc2ncnc3cccc([N+](=O)[O-])c23)cn1,38cf37c34b83dcd991fb0dbe3eb8a00e6a177387f6c64d66f0a9d53cf4093fe9,recovered_by_candidate_search
3241,1,0.0,COC(=O)CCc1ccc(Nc2ccncc2C)cc1,0.0,0.81395346,0.0,0.99901956,0.044274203,16,1.0,COC(=O)CCc1ccc(Nc2cnccc2C)cc1,1.0,1.0,1.0,0.9999996,0.0008989467,34236,COC(=O)CCc1ccc(Nc2cnccc2C)cc1,bac37c29bedaa72bf13cb62b9b3cd541a7896b6afa02d9b104c9ac402ccc9334,recovered_by_candidate_search
8645,0,0.0,,0.0,0.0,0.0,,,49,1.0,COc1ccncc1Nc1cc(F)c(F)c(F)c1F,1.0,1.0,1.0,0.9999999,0.00045610612,8103,COc1ccncc1Nc1cc(F)c(F)c(F)c1F,8e8912693a7623d768e7a9cf03f44aae841c0ccbbb8b38789ed0f922bb64228e,recovered_by_candidate_search
773,1,0.0,COc1cc(C(C)(C)C)ccc1CNC(=O)CSc1nnc(-c2ccc(OC)c(OC)c2)n1N,0.0,0.7936508,1.0,0.9984464,0.055757932,46,1.0,COc1cc(OC)c(OC)cc1CNC(=O)CSc1nnc(-c2ccc(C(C)(C)C)cc2)n1N,1.0,1.0,1.0,0.9999999,0.00054552,37181,COc1cc(OC)c(OC)cc1CNC(=O)CSc1nnc(-c2ccc(C(C)(C)C)cc2)n1N,853104dce1e2e8d90b8355809a9c46925421e54edeaf42c2623fedb3d190821e,recovered_by_candidate_search
5009,1,0.0,NC(=O)c1ccc(Cl)c(N2CCCC3(CC[NH+]3Cc3cccc(F)c3)C2)n1,0.0,0.74626863,1.0,0.9980202,0.06294896,50,1.0,NC(=O)c1nc(N2CCCC3(CC[NH+]3Cc3cccc(F)c3)C2)ccc1Cl,1.0,1.0,1.0,0.9999998,0.00063978217,26658,NC(=O)c1nc(N2CCCC3(CC[NH+]3Cc3cccc(F)c3)C2)ccc1Cl,c95e28f34bcd00c06d4e9be868a591fdb5f79635905c22b07135fa72a3ed152d,recovered_by_candidate_search
5055,1,0.0,CNc1ccc(Nc2cc(OC)c(OC)cc2F)cn1,0.0,0.7380952,1.0,0.9992299,0.039345052,32,1.0,CNc1ccc(Nc2cc(F)c(OC)cc2OC)cn1,1.0,1.0,1.0,0.9999999,0.0005447081,26977,CNc1ccc(Nc2cc(F)c(OC)cc2OC)cn1,eb57cc5f27f6dcceeeb46ce57012d0bd7257ce0dfc81d75519448556ea4d88b5,recovered_by_candidate_search
467,1,0.0,C=C(C#N)C(CCCC)CCOC,0.0,0.7058824,1.0,0.9989069,0.04819261,50,1.0,C=C(C#N)C(CCCCC)COC,1.0,1.0,1.0,0.99999994,0.00026276038,12666,C=C(C#N)C(CCCCC)COC,5ec0994a3cc92f787e195d5e2c2d5a30ab69d4aeb168a7472cd076da45cc6ffe,recovered_by_candidate_search
6715,1,0.0,C=CC1CCN(C(=O)c2c(C)nc(SC)[n-]c2=O)CC1,0.0,0.6226415,0.0,0.98777795,0.15594418,37,1.0,C=CC1CCN(C(=O)c2c(SC)nc(=O)[n-]c2C)CC1,1.0,1.0,1.0,0.9999998,0.0005746847,35357,C=CC1CCN(C(=O)c2c(SC)nc(=O)[n-]c2C)CC1,509dca66b41224580d1cb6bfc3232cf83b38e770d58ebb4b5ebc66273dafad8d,recovered_by_candidate_search
9297,1,0.0,CNC(=O)NC(CO)C(O)SC,0.0,0.5625,1.0,0.9913938,0.13351281,50,1.0,CNC(=O)NC(CSC)C(O)O,1.0,1.0,1.0,1.0,0.00023986283,34017,CNC(=O)NC(CSC)C(O)O,e89c09451341957d12ee70fdc2d1d06fe07e331e07ca6f1fb50998e8b6f177c0,recovered_by_candidate_search
1278,1,0.0,C=CCC(C)C1NC(=O)C(C(C)CC)N(C)C1=O,0.0,0.5531915,1.0,0.99497545,0.10013722,50,1.0,C=CCC(C)N1C(=O)C(C(C)CC)NC(=O)C1C,1.0,1.0,1.0,1.0,9.72116e-08,17919,C=CCC(C)N1C(=O)C(C(C)CC)NC(=O)C1C,52b6bb04d278762ae0cf331a6cd93cc65335b2fe1101a7c3147b8e2505e50605,recovered_by_candidate_search
6489,1,0.0,CCn1c(NC(=O)CSc2nn[nH]n2)nc2ccccc21,0.0,0.6551724,0.0,0.9944814,0.10503459,14,1.0,CCn1c(SCC(=O)Nc2nn[nH]n2)nc2ccccc21,1.0,1.0,1.0,0.9999999,0.0004979734,28897,CCn1c(SCC(=O)Nc2nn[nH]n2)nc2ccccc21,a0685e935f8a05696398ac2deed6185210115b35bfb015ef86de560e999bc280,recovered_by_candidate_search
2709,1,0.0,CC(=O)OC(C(=O)Nc1ccc2n[nH]c(Br)c2c1)c1ccccc1,0.0,0.84,0.0,0.99944645,0.033271313,19,1.0,CC(=O)OC(C(=O)Nc1ccc2c(Br)[nH]nc2c1)c1ccccc1,1.0,1.0,1.0,0.99999976,0.00066478935,41532,CC(=O)OC(C(=O)Nc1ccc2c(Br)[nH]nc2c1)c1ccccc1,f10e8abd82a432e9f4f145028b32114b0b35be2051472e84cbd3943eacde83e2,recovered_by_candidate_search
2179,1,0.0,CC([NH2+]CC1(C)CCCO1)C(c1ccc(Cl)cc1)c1cnn(C)c1,0.0,0.5833333,0.0,0.98470086,0.17453304,41,1.0,CC([NH2+]CC1(c2cnn(C)c2)CCCO1)C(C)c1ccc(Cl)cc1,1.0,1.0,1.0,0.9999997,0.00075967563,20102,CC([NH2+]CC1(c2cnn(C)c2)CCCO1)C(C)c1ccc(Cl)cc1,6abb1635667d7c9e609dbe2ec4092b555e7acf59e092fbd51e66074d5e2fb308,recovered_by_candidate_search
6418,1,0.0,CC1(C)CC(NS(=O)(=O)C2CC[NH+](C(C)(C)C)CC2)CO1,0.0,0.7619048,0.0,0.9987303,0.050383043,50,1.0,CC1(C)CC(S(=O)(=O)NC2CC[NH+](C(C)(C)C)CC2)CO1,1.0,1.0,1.0,0.99999994,0.0004028309,14342,CC1(C)CC(S(=O)(=O)NC2CC[NH+](C(C)(C)C)CC2)CO1,e430747aee194c0c719a7acaf3f2fdfbdb527f532de80d43c1dfe0cdf1295c8c,recovered_by_candidate_search
6839,1,0.0,CN(C)CCCOc1ccc(-c2ncc(Nc3cccc(F)c3)c(C(N)=O)n2)cc1,0.0,0.6142857,0.0,0.9938534,0.110727616,50,1.0,CN(C)CCCOc1ccc(Nc2ncc(-c3cccc(F)c3)nc2C(N)=O)cc1,1.0,1.0,1.0,0.99999976,0.00071416155,22710,CN(C)CCCOc1ccc(Nc2ncc(-c3cccc(F)c3)nc2C(N)=O)cc1,3489896fe4a070a19ddada467d9f3993c7761851b076e587ab346451b92e73e7,recovered_by_candidate_search
6390,1,0.0,CC1OCCC1C12CCOC(C)N1c1ccccc12,0.0,0.43396226,0.0,0.9915698,0.13674039,50,1.0,CC1CCOC1N1c2ccccc2C2(C)CCOC12,1.0,1.0,1.0,0.99999994,0.00040226895,30413,CC1CCOC1N1c2ccccc2C2(C)CCOC12,debc253023a72b21275ce0a72f5cc662922680bcb6ba5069f2282ae31a8b5712,recovered_by_candidate_search
8080,1,0.0,O=C(NC(C1CCCC1)C1CC1)N1CCCC1c1cc[nH]n1,0.0,0.93333334,0.0,0.99808943,0.06240109,43,1.0,O=C(NC(C1CCC1)C1CC1)N1CCCCC1c1cc[nH]n1,1.0,1.0,1.0,0.9999999,0.00053748337,17448,O=C(NC(C1CCC1)C1CC1)N1CCCCC1c1cc[nH]n1,c700716d7fd3ac02a491f265d111eba60776ab640dcefeb8876c877f37397fb5,recovered_by_candidate_search
1594,1,0.0,COCC1(CNC(=O)C2C[NH2+]CCN2C2CCCC2)CCOCC1,0.0,0.70689654,0.0,0.9958121,0.092149094,50,1.0,COCC1(CNC(=O)C2COCCN2C2CCCC2)CC[NH2+]CC1,1.0,1.0,1.0,0.9999999,0.0004994683,15944,COCC1(CNC(=O)C2COCCN2C2CCCC2)CC[NH2+]CC1,f4d452fdc13ca65cd5e47509f562a8861a171604330998590d0051f7a2449ad3,recovered_by_candidate_search
5409,1,0.0,COc1cc(C(=O)NCCNCc2cc3cc(F)ccc3o2)sn1,0.0,0.6935484,0.0,0.9948826,0.10314123,44,1.0,COc1cc(CNCCNC(=O)c2cc3cc(F)ccc3o2)sn1,1.0,1.0,1.0,0.9999999,0.00047714493,22952,COc1cc(CNCCNC(=O)c2cc3cc(F)ccc3o2)sn1,3e6abd5473354b0500b6b9d637028b232d895455ed71bca449664245fe1c0bcf,recovered_by_candidate_search
9871,1,0.0,CCC1CCCCN1Cc1nc2cccnc2n1CC(C)C,0.0,0.63793105,0.0,0.9913756,0.13196802,50,1.0,CCN1CCCCC1Cn1c(CC(C)C)nc2cccnc21,1.0,1.0,1.0,0.99999994,0.0004004383,16659,CCN1CCCCC1Cn1c(CC(C)C)nc2cccnc21,5aed7c512c5126ac0710db5f6a0271d41563495a4895ac6b740149de64a05d74,recovered_by_candidate_search
8049,1,0.0,COc1ccc(CCNS(=O)(=O)Cc2ccnc(F)c2)cc1,0.0,0.6938776,0.0,0.9964798,0.08477853,36,1.0,COc1ccc(CCS(=O)(=O)NCc2ccnc(F)c2)cc1,1.0,1.0,1.0,0.9999998,0.0006541644,3707,COc1ccc(CCS(=O)(=O)NCc2ccnc(F)c2)cc1,2368f5cde1198fc226bcf6a948c4028157d30c3a09c10ebbee0bbc506497f55a,recovered_by_candidate_search
6920,1,0.0,CCCCCC(C)[NH2+]C(C)CC(=O)OCC,0.0,0.4878049,1.0,0.99507964,0.09918699,44,1.0,CCCCOC(=O)CCC(C)[NH2+]C(C)CC,1.0,1.0,1.0,0.99999994,0.00040428285,23789,CCCCOC(=O)CCC(C)[NH2+]C(C)CC,7b71113c16dd7dc267401bbd81486f388dd97c29f8d089b296e1ad5218dae7d9,recovered_by_candidate_search
9356,1,0.0,O=C(NCC1CCCS(=O)(=O)C1)c1c[nH]c2ccc(F)cc12,0.0,0.8490566,1.0,0.99933046,0.037313204,12,1.0,O=C(NCC1CCCS(=O)(=O)C1)c1c[nH]c2cc(F)ccc12,1.0,1.0,1.0,0.9999999,0.0005183364,27663,O=C(NCC1CCCS(=O)(=O)C1)c1c[nH]c2cc(F)ccc12,a5dc1f6225a47d023ffb7fe998cf09c8b7aaa3543bf19204a5109b344c8ed9b5,recovered_by_candidate_search
832,1,0.0,CSc1ccnc(NCCc2sc(C)nc2C)n1,0.0,0.65957445,0.0,0.99864596,0.05249134,48,1.0,CSc1ccnc(NCCc2nc(C)c(C)s2)n1,1.0,1.0,1.0,0.99999994,0.0003830462,18195,CSc1ccnc(NCCc2nc(C)c(C)s2)n1,92866d3a9dfc2b1730e8d812cdca9148407d164f76ae99245045f96bc3b3f1bb,recovered_by_candidate_search
9496,1,0.0,OCCc1ccc(CNc2nnc(Cc3ccc(Cl)cc3)s2)cc1,0.0,0.6888889,0.0,0.9965406,0.0847346,37,1.0,OCc1ccc(CCNc2nnc(Cc3ccc(Cl)cc3)s2)cc1,1.0,1.0,1.0,0.9999999,0.0005383608,48231,OCc1ccc(CCNc2nnc(Cc3ccc(Cl)cc3)s2)cc1,6294c76250764937567d44876032363f6d25b14116295203968d7bfb09867c35,recovered_by_candidate_search
7726,1,0.0,Cc1ccc(O)c(COC2CC3CN(Cc4cccc(C)n4)CC[NH+]3C2)c1,0.0,0.87096775,0.0,0.9995792,0.02906957,50,1.0,Cc1ccc(O)c(CN2CC[NH+]3CC(OCc4cccc(C)n4)CC3C2)c1,1.0,1.0,1.0,0.99999994,0.0003865816,37624,Cc1ccc(O)c(CN2CC[NH+]3CC(OCc4cccc(C)n4)CC3C2)c1,e6b153138adf9cf3d0a27802f8199f7944cfeb0862f21526f8c9a962fe27fe01,recovered_by_candidate_search
4079,1,0.0,CN1C(=O)C(C)(C)NC(=O)C1CO,0.0,0.3846154,1.0,0.9990247,0.044276018,46,1.0,CN1C(=O)C(CO)NC(=O)C1(C)C,1.0,1.0,1.0,0.99999994,0.00032139706,35837,CN1C(=O)C(CO)NC(=O)C1(C)C,cfa6263026047419891c73d7587ae7f8759f3ee25dbd8abd993562af5c93431e,recovered_by_candidate_search
5537,1,0.0,O=C(CCCn1c(=O)oc2ccccc21)OCc1ccc2[nH]ncc2c1,0.0,0.6769231,0.0,0.9987769,0.04944882,28,1.0,O=C(CCCn1c(=O)oc2ccccc21)OCc1ccc2c[nH]nc2c1,1.0,1.0,1.0,0.9999998,0.0005651437,10242,O=C(CCCn1c(=O)oc2ccccc21)OCc1ccc2c[nH]nc2c1,c33bb54b420f503890ccfc439d4ca548f86c31798c8ae14ee5855f5153dc18f3,recovered_by_candidate_search
3027,1,0.0,O=C(CCNC(=O)c1ccc2c(c1)OCO2)NNC(=O)c1cc(F)ccc1Br,0.0,0.9230769,0.0,0.99998134,0.0061080838,47,1.0,O=C(CCNC(=O)c1cc(F)ccc1Br)NNC(=O)c1ccc2c(c1)OCO2,1.0,1.0,1.0,0.9999998,0.0005738042,30056,O=C(CCNC(=O)c1cc(F)ccc1Br)NNC(=O)c1ccc2c(c1)OCO2,b375b6766498b71c46d56a3e3ebb18b5361db45e694629a0d07cdac40dec95e3,recovered_by_candidate_search
1514,1,0.0,Cc1conc1C(=O)N1CCC([NH2+]Cc2nc(C3CC3)oc2C)C1,0.0,0.7966102,0.0,0.9990556,0.04422749,50,1.0,Cc1conc1C[NH2+]C1CCN(C(=O)c2nc(C3CC3)oc2C)C1,1.0,1.0,1.0,0.9999999,0.00046382903,33886,Cc1conc1C[NH2+]C1CCN(C(=O)c2nc(C3CC3)oc2C)C1,6640d471d0cd0e9155aa49b6cea4ce07460dd9cfe453b29e62218f22da053fa1,recovered_by_candidate_search
3363,1,0.0,CCOCCNC(=NC)NCC(C)N(C)C(=O)OC(C)(C)CC,0.0,0.6181818,1.0,0.9921058,0.1254582,50,1.0,CCOCCNC(=NC)NCC(C)CN(C)C(=O)OC(C)(C)C,1.0,1.0,1.0,0.99999994,0.0002451055,8621,CCOCCNC(=NC)NCC(C)CN(C)C(=O)OC(C)(C)C,1fb8b4cd186416b2b3eea0cdb091dd7af27442a5503da7344e740e1fdc232199,recovered_by_candidate_search
3768,1,0.0,CCS(=O)(=O)CC(=O)N1CCC(C2CCN(C)C2)CC1,0.0,0.8333333,1.0,0.9985578,0.053913202,35,1.0,CCS(=O)(=O)CC(=O)N1CCC(C2CCN(C)CC2)C1,1.0,1.0,1.0,0.99999994,0.00038403235,40353,CCS(=O)(=O)CC(=O)N1CCC(C2CCN(C)CC2)C1,2f55ffa8c9f24ea898a27c2be07683f8ea7602d71af12c6942161e162bf5368f,recovered_by_candidate_search
2951,1,0.0,O=C(C(OCCO)c1c[nH]cn1)N(CCO)C1CCC1,0.0,0.6481481,1.0,0.9799736,0.20002005,45,1.0,O=C(C(O)c1c[nH]cn1)N(CCOCCO)C1CCC1,1.0,1.0,1.0,0.9999999,0.00054217066,5641,O=C(C(O)c1c[nH]cn1)N(CCOCCO)C1CCC1,50670a7028afbcb60f5b0c0c5fe0935fad842c0f43f357464883467cbdf24e22,recovered_by_candidate_search
5853,1,0.0,CC1(C)CCCN(C(=O)NCC2CCC=CCC2)CCS1,0.0,0.82978725,0.0,0.9987554,0.05004218,50,1.0,CC1(C)CCN(C(=O)NCC2CCC=CCCC2)CCS1,1.0,1.0,1.0,0.99999994,0.00042214838,29891,CC1(C)CCN(C(=O)NCC2CCC=CCCC2)CCS1,9ec6b90152616df2d176e7a29841651a497c52ceb5efa35b887ce8c4513364ce,recovered_by_candidate_search
9743,1,0.0,CC1(NC(=O)C2CC2)CCN(CCNC(=O)c2cnon2)CC1,0.0,0.8490566,0.0,0.99980843,0.019749958,33,1.0,CC1(NC(=O)c2cnon2)CCN(CCNC(=O)C2CC2)CC1,1.0,1.0,1.0,0.9999999,0.00045375343,15266,CC1(NC(=O)c2cnon2)CCN(CCNC(=O)C2CC2)CC1,a864f05719139957ddc9fd306d157fa0fa65d7fc12ae2f48d55a40e28191111c,recovered_by_candidate_search
3550,1,0.0,Cc1ccc(N(C)S(=O)(=O)c2c(C)ccc3sc(C(=O)NCCC(C)C)cc23)cc1,0.0,0.6666667,0.0,0.95067817,0.31331575,20,1.0,Cc1ccc(S(=O)(=O)N(C)c2ccc3sc(C(=O)NCCC(C)C)cc3c2)cc1,1.0,1.0,1.0,0.9999997,0.0007677371,45242,Cc1ccc(S(=O)(=O)N(C)c2ccc3sc(C(=O)NCCC(C)C)cc3c2)cc1,a321f29f73092010585d53b9bf42df83686077b7d380e04df303b7f1a21e570d,recovered_by_candidate_search
4927,1,0.0,CC1C[NH+](CCC2CCNC2=O)CC(C)N1C(=O)OC(C)(C)C,0.0,0.64285713,1.0,0.99748445,0.07123361,50,1.0,CC1C[NH+](CCC2CCNC2=O)C(C)CN1C(=O)OC(C)(C)C,1.0,1.0,1.0,0.9999999,0.0004476398,9432,CC1C[NH+](CCC2CCNC2=O)C(C)CN1C(=O)OC(C)(C)C,63a3c182cabedb17228aa17194787efb2bed82ff8aba0411c88d96cf5eb9901f,recovered_by_candidate_search
1205,1,0.0,COc1cccc(C(Cn2ccnc2)OCc2cccc(Cl)c2)c1,0.0,0.92156863,1.0,0.99993366,0.011554121,37,1.0,COc1cccc(COC(Cn2ccnc2)c2cccc(Cl)c2)c1,1.0,1.0,1.0,0.9999998,0.00060080306,11889,COc1cccc(COC(Cn2ccnc2)c2cccc(Cl)c2)c1,5dcabd4f9c0802af07d17877cfd75a5163c235351e81d5fc5b8426f9aa8cac4e,recovered_by_candidate_search
7985,1,0.0,CC(C)(C)OC(=O)C[NH+](CC1CCOCC1)C1CC1,0.0,0.8918919,0.0,0.99614793,0.088207446,24,1.0,CC(C)(C)OC(=O)C[NH+](CC1CC1)C1CCOCC1,1.0,1.0,1.0,0.99999994,0.0004070698,33144,CC(C)(C)OC(=O)C[NH+](CC1CC1)C1CCOCC1,7a40bfad0e87f25523fcb70a1c0a7830307345f5ac11b844af73253bd5cfb211,recovered_by_candidate_search
4148,1,0.0,Cc1nsc(C(=O)NC2CC3CC(C2)[NH+](Cc2cnnn2C)C3)n1,0.0,0.48,0.0,0.9934529,0.11667968,44,1.0,Cc1nnsc1C(=O)NC1CC2CC(C1)[NH+](Cc1cn(C)nn1)C2,1.0,1.0,1.0,0.99999994,0.00039022637,37352,Cc1nnsc1C(=O)NC1CC2CC(C1)[NH+](Cc1cn(C)nn1)C2,069fbfbb5af53ed2d4edbe2c428dafebcf55f20b22e805d7ba9a310ccc7e50e7,recovered_by_candidate_search
9765,1,0.0,Cc1ccccc1C(=O)NC1CCN(C(=O)c2cn[nH]c2)CC1O,0.0,0.8703704,0.0,0.99981445,0.019349944,22,1.0,Cc1ccccc1C(=O)N1CCC(NC(=O)c2cn[nH]c2)C(O)C1,1.0,1.0,1.0,0.99999994,0.00042473682,37393,Cc1ccccc1C(=O)N1CCC(NC(=O)c2cn[nH]c2)C(O)C1,67215939dcd3162b9ae9353d36878d5ded902266ae53eed93ede8e9e2ac01ebb,recovered_by_candidate_search
248,1,0.0,Cc1c(NC(=O)C(=O)NC(C)c2cccn(C)c2=O)cnn1C,0.0,0.7647059,0.0,0.99527913,0.09709319,26,1.0,Cc1c(C(C)NC(=O)C(=O)Nc2cccn(C)c2=O)cnn1C,1.0,1.0,1.0,0.9999999,0.00042306134,24975,Cc1c(C(C)NC(=O)C(=O)Nc2cccn(C)c2=O)cnn1C,12180d848cc6853cc2f6130617757b3c694a22669ab065b712e74b185a8a9e11,recovered_by_candidate_search
2336,1,0.0,CCC1NC(=O)C(C)(CC)N(CC(C)(C)C)C1=O,0.0,0.30769232,1.0,0.9903179,0.15388799,50,1.0,CCC1C(=O)NC(C)(CC)C(=O)N1CCC(C)(C)C,1.0,1.0,1.0,0.99999994,0.00036644487,36612,CCC1C(=O)NC(C)(CC)C(=O)N1CCC(C)(C)C,aa15a7b346c62f4c328a0c2717720262263f91fb08bbcba23d1b18e71965699c,recovered_by_candidate_search
1970,1,0.0,CSc1ccc(-c2ccc3ncnn3c2)cc1F,0.0,0.4,1.0,0.98594284,0.17312013,41,1.0,CSc1ccc(-c2ccc3ncnn3c2F)cc1,1.0,1.0,1.0,0.9999999,0.00046766197,36960,CSc1ccc(-c2ccc3ncnn3c2F)cc1,8f921c1a70fb68757357a29fa450cab898c6d5e8a46c17c596ca4fb3058de634,recovered_by_candidate_search
6189,1,0.0,C#CCCN1CCC(n2cc(C(=O)NCC3CCOC3)nn2)C1,0.0,0.7258065,0.0,0.98925805,0.14721455,38,1.0,C#CCCN1CC(CNC(=O)c2cn(C3CCOCC3)nn2)C1,1.0,1.0,1.0,0.99999976,0.0007146957,48520,C#CCCN1CC(CNC(=O)c2cn(C3CCOCC3)nn2)C1,f9516c9632ca2e51937698eb8a2c74cbb632c55356ba791bab1f003f50bf2797,recovered_by_candidate_search
8407,1,0.0,CC(C)N1CCC(C2CNC(CO)C2)CC1,0.0,0.625,1.0,0.9974936,0.07108727,49,1.0,CC(C)N1CCC(C2CCNC(CO)C2)C1,1.0,1.0,1.0,0.99999994,0.00039222,44890,CC(C)N1CCC(C2CCNC(CO)C2)C1,c52df6810f27c2f1b911115899a430319e7fe29bd84c8ded838046044428f69f,recovered_by_candidate_search
9069,1,0.0,COc1cc(C)c(C(N)=O)cc1Nc1ccc(OC(C)C)nc1,0.0,0.55,1.0,0.9945347,0.104585625,50,1.0,COc1ccc(Nc2cnc(OC(C)C)c(C)c2)cc1C(N)=O,1.0,1.0,1.0,0.99999976,0.00066217367,46554,COc1ccc(Nc2cnc(OC(C)C)c(C)c2)cc1C(N)=O,f7885317041f2369ed1d16901dfee9865ac3bc841f22dfb09d67251c81604bf7,recovered_by_candidate_search
4077,1,0.0,CCc1ccc(OC(=O)CCNC(=O)Cc2ccccc2)c(C(=O)OC)c1,0.0,0.8367347,1.0,0.9988136,0.048717592,50,1.0,CCc1ccc(C(=O)OC)c(OC(=O)CCNC(=O)Cc2ccccc2)c1,1.0,1.0,1.0,0.99999976,0.0006674547,46175,CCc1ccc(C(=O)OC)c(OC(=O)CCNC(=O)Cc2ccccc2)c1,23c151799178ea6f24d7f61347578b8dcae2f4c363d7b1da00a5b9534763bcad,recovered_by_candidate_search
561,1,0.0,O=C(NCc1ccccc1OCC1CC1)C12CCC[NH2+]C1CCC2,0.0,0.8679245,0.0,0.99675566,0.08112726,50,1.0,O=C(NCc1ccccc1OCC1CC1)C12CCCCC1[NH2+]CC2,1.0,1.0,1.0,0.9999999,0.0004996878,43772,O=C(NCc1ccccc1OCC1CC1)C12CCCCC1[NH2+]CC2,ea51dcc8fe774b88f2526e43a53711d85816f559ae6f1ac0a34a5e59d76ece3d,recovered_by_candidate_search
6059,1,0.0,NC(=O)c1cccc(Nc2cncc(F)c2)c1N,0.0,0.6888889,1.0,0.9987199,0.051147625,45,1.0,NC(=O)c1cccc(N)c1Nc1cncc(F)c1,1.0,1.0,1.0,0.9999999,0.0005236828,45396,NC(=O)c1cccc(N)c1Nc1cncc(F)c1,bd5415cd5d8ee5d9c2cca987c3734bb103819d6211ef1dadf2424f01040fe1a7,recovered_by_candidate_search
4966,1,0.0,O=C1CCN(C(=O)c2ccccc2N2CCCC(c3nc4ccccc4o3)C2)C(=O)N1,0.0,0.7121212,0.0,0.97450083,0.2243838,50,0.0,O=C1NCC(c2nc3ccccc3o2)CCN1C(=O)c1ccccc1N1CCCC1=O,0.0,0.5479452,0.0,0.976021,0.21908063,19949,O=C1CCN(c2ccccc2C(=O)N2CCCC(c3nc4ccccc4o3)C2)C(=O)N1,3ed5319d6cfd480fe96a57be3001f8420c2bc96fabfb6c3e209febe71d3a82ce,still_missed_at_k50
471,1,0.0,CC(NC1CCC2CC(C)(C)C1(C)C2)C(=O)COC(=O)C(N)CC(=O)O,0.0,0.38235295,0.0,0.9817333,0.19128007,50,0.0,CC(NCC(=O)C(N)CC(=O)O)C(=O)OC1C2CCC(C)(C2)C1(C)C,0.0,0.63793105,1.0,0.9987564,0.049861707,22970,CC(NCC(=O)C(N)CC(=O)O)C(=O)OC1C2(C)CCC(C2)C1(C)C,ce0fb2a294948d6b52e58fc9f1e048bbe632fa137f24c98d7d568e8e25db5db4,still_missed_at_k50
481,1,0.0,CCCc1ccccc1C1(S(=O)(=O)O)C=CC(N2CCNC2=O)C=C1,0.0,0.57377046,0.0,0.9976897,0.068323776,50,0.0,CCCc1ccccc1C1(S(=O)(=O)O)C=CC(N2CCNC2=O)C=C1,0.0,0.57377046,0.0,0.9976897,0.068323776,38870,CCCc1ccccc1C1(N2CCNC2=O)C=CC(S(=O)(=O)O)C=C1,21ca13b4662699590a7bc536f72cdf605448e1734aee47a8bb5e6b1a50b25149,still_missed_at_k50
2,1,0.0,Cc1cc(C(=O)N2CC3CC(C2)N(CC(C)C)C(=O)C3C)n[nH]1,0.0,0.45070422,0.0,0.92882043,0.3826713,41,0.0,Cc1cc(C(=O)N2CC3CC(CC(C)C)N3C(=O)C2CN(C)C)n[nH]1,0.0,0.6212121,0.0,0.9821857,0.18841758,47189,Cc1cc(C(=O)N2CC3CC(N(C)C)CN3C(=O)C2CC(C)C)n[nH]1,cfa4980b2f7d58580283f2fe490aa8eb61fb7de460f80c7e42d394bf01de41ed,still_missed_at_k50
2878,1,0.0,CC12CC3CC(C[NH+](C4CC4)CC31C)C(=O)N(c1cccc(F)c1)C2,0.0,0.4225352,0.0,0.98396367,0.18025964,44,0.0,CC1C2CC3(CN(c4cccc(F)c4)C(=O)C(C)(C2)C3)C[NH+]1C1CC1,0.0,0.44285715,0.0,0.9924984,0.12249293,45239,CC1(C)C2CC([NH+]3CCC4(CC(=O)N(c5cccc(F)c5)C4)C3)CC21,c6a218cec68f311e835b9eb625528cba05ca0bccee8929e3b9d738a33c6aaf33,still_missed_at_k50
4920,1,0.0,C=CCOc1ccc2c(c1)C(OCCS(N)(=O)=O)c1c(OC)cc(OCCc3ccccc3OC)cc1-2,0.0,0.2970297,0.0,0.981283,0.1925757,50,0.0,C=CCOCCOc1ccc2c(c1)C(Oc1c(OC)cc(CS(N)(=O)=O)cc1OC)c1ccccc1-2,0.0,0.4651163,0.0,0.99001867,0.14117584,34228,C=CCOCCOc1ccc2c(c1OC)-c1ccc(CS(N)(=O)=O)cc1C(c1cccc(OC)c1)O2,189e24bbbab636bcd0c7c10deac41b371f618324414fa5fa399dd8cc59a9b9c2,still_missed_at_k50
9944,1,0.0,N#CC1=CNCCCCCCCCCN=CC=C(C#N)NCC=CN1,0.0,0.4375,0.0,0.98837936,0.15218025,50,0.0,N#CC1=CNCCCCCCCCCN=C(C#N)C=CNCCN=C1,0.0,0.6585366,0.0,0.9975471,0.07033302,22825,N#CC1=CNCCCCCCN=CC(C#N)=CNCCCCCCN=C1,7223a1ce9f9cdb3edb4dac97ae2c13aa84c05651308600f2824d2d527580911d,still_missed_at_k50
8706,0,0.0,,0.0,0.0,0.0,,,39,0.0,CCOc1cc(CNc2ncc[nH]2)ccc1OCc1ccc(C(=O)OC)o1,0.0,0.6825397,0.0,0.99803627,0.07134306,39709,CCOc1cc(CNc2c[nH]cn2)ccc1OCc1ccc(C(=O)OC)o1,73c7ff05f5fc57f1ad1bc86d065d61ae25d543372752dbf5de811411589baff7,still_missed_at_k50
3295,1,0.0,CCCC(=O)CCC=CCC1C2CCC(C2)C1CC(=O)O,0.0,0.48979592,1.0,0.99211407,0.12665744,50,0.0,CCC(=O)CC1C2CCC(C2)C1C=CCCCC(=O)O,0.0,0.53061223,1.0,0.99884707,0.04904074,44198,CCC(=O)C1C2CCC(C2)C1CC=CCCCC(=O)O,2586d9864cbecd20b6f4e39695f22ecb0a287d3b4dccf623cca108fe18c35eb1,still_missed_at_k50
3547,1,0.0,CN1CCOCC1C(=O)NCC1CCN1C(=O)C#CC1CC1,0.0,0.46774194,0.0,0.9920227,0.12621234,50,0.0,CN1CCOCC1C(=O)N1CCC1CNC(=O)C#CC1CC1,0.0,0.625,0.0,0.9932714,0.115955725,36048,CN1CCOC(C(=O)N2CCC2CNC(=O)C#CC2CC2)C1,fae73a61abf8ec1cedacd6cdf4b56d1444bfdcb1247af2298fa6b00262172ec8,still_missed_at_k50
2489,1,0.0,O=C1NC2C(CC(C3Cc4ccccc43)C2c2ccccc2)C(=O)N1CC1CCOC1,0.0,0.3561644,0.0,0.9559791,0.29426697,37,0.0,O=C1C2CC(c3ccccc32)C(C2CCOCC2)C(=O)N1CC1Nc2ccccc21,0.0,0.46774194,0.0,0.9759328,0.21853983,4321,O=C1NC(C2CCOCC2)C(=O)N1CC1CC2c3ccccc3C1c1ccccc12,ef0714c3158c18db5b9cfd208f3bfe47d1e38defe386d5b59e9641247cfc05b2,still_missed_at_k50
4937,0,0.0,,0.0,0.0,0.0,,,42,0.0,Nc1ncnn2c(-c3c(F)cccc3C(=O)N3CC(F)C(NC(=O)C4CCC(F)(F)C4)C3)cc(C(F)(F)F)c12,0.0,0.6853933,0.0,0.99808466,0.062097594,1849,Nc1ncnn2c(-c3cccc(C(=O)NC4CN(C(=O)C5CCC(F)(F)C5)CC4F)c3F)cc(C(F)(F)F)c12,756de6e378d7ed3c5b68b2107b191fd0c377e49ace1ff676ea0e9950c81775be,still_missed_at_k50
1041,0,0.0,,0.0,0.0,0.0,,,28,0.0,COC(=O)Cc1nc2nnn(-c3nc(C)cc(C)n3)c2c2ncnn12,0.0,0.50769234,0.0,0.9977868,0.067005925,23784,COC(=O)Cc1nn(-c2nc(C)cc(C)n2)c2c1nnc1ncnn12,faf8557a62d763cbb53062e308ddc37aca27a349f324003c9e06fb6289e1f07d,still_missed_at_k50
2613,0,0.0,,0.0,0.0,0.0,,,24,0.0,CCOc1c2c(nc3c(CC)cccc13)-c1cc3c(c(=O)n1C2)COC(=O)C3(O)CC,0.0,0.6052632,1.0,0.99867994,0.051527727,15812,CCOc1c2c(c(=O)n3c1-c1nc4c(CC)cccc4cc1C3)COC(=O)C2(O)CC,09ce111d2644208bfcbe85d8a497f22f59723f39ae29bf19aaf1931300f108e2,still_missed_at_k50
155,1,0.0,CCC(C)N(CCCN(CC)CC)CCCN(CC)CCN(C)CCO,0.0,0.55263156,1.0,0.99691826,0.0815491,50,0.0,CCC(N(CC)CCCN(CC)CC)N(CC)CCCN(CC)CCO,0.0,0.6875,1.0,0.9991079,0.042261533,28439,CCC(N(C)CCO)N(CCCN(CC)CC)CCCN(CC)CC,02d086dcad56cf7ce280d4b2784250eb85b85bb3ae3a07a7d1bca6c4a0c16216,still_missed_at_k50
7394,1,0.0,Cc1cc(N=S(C)(C)=O)c2ncnc(Nc3ccc(F)cc3OCC3COCC(F)CO3)c2c1,0.0,0.47252747,0.0,0.9037757,0.45090005,50,0.0,Cc1cc(N=S(C)(C)=O)c2ncnc(Nc3ccc(F)cc3OC3COCC(OCC(F)F)C3)c2c1,0.0,0.5813953,0.0,0.9881623,0.15407743,32637,Cc1cc(N=S(C)(C)=O)cc2ncnc(Nc3ccc(F)cc3OC3COCC3OCC(F)F)c12,33c388281e063417e9d1f9ce8a36b49a52afc9e4fc2b074e13d70b39a34dd37d,still_missed_at_k50
7912,1,0.0,Cc1cc(Cc2ccc3c(c2)CN(C2CCCC2O)C3=O)ccc1-n1cccn1,0.0,0.67164177,0.0,0.9973556,0.07423966,47,0.0,Cc1cc2c(cc1Cc1ccc(-n3cccn3)cc1)CN(C1CCCC1O)C2=O,0.0,0.9310345,0.0,0.99996537,0.008662943,12703,Cc1cc2c(cc1Cc1ccc(-n3cccn3)cc1)C(=O)N(C1CCCC1O)C2,75507866dce573e7c93e658ceb8f20ca537770c965bd8d3cd730df1286afa837,still_missed_at_k50
2020,1,0.0,CCCC12CCC(CC1)C2OC(=O)COC(=O)C(F)(F)OSO[O-],0.0,0.32894737,1.0,0.9898749,0.14314258,37,0.0,CCCC12CCC(CC1)C2OC(=O)COC(=O)C(F)(F)SOOO[O-],0.0,0.45070422,1.0,0.9926759,0.13074897,8759,CCCCC1(OC(=O)COC(=O)C(F)(F)SOO[O-])CC2CCC1C2,0b3399bda5d4df82b4c875a63dafaed57c24c88ec54cf74d554f2adc2645d308,still_missed_at_k50
7993,1,0.0,CN(O)c1ncc(-c2ccc3c(N4CCOCC4)ncnc3c2)cc1Cl,0.0,0.56060606,0.0,0.951848,0.32282498,50,0.0,CN(c1cc(-c2ccc3c(N4CCOCC4)ncnc3c2)cnc1Cl)S(=O)O,0.0,0.86440676,0.0,0.9996741,0.025550496,2334,CN(c1cc(-c2ccc3ncnc(N4CCOCC4)c3c2)cnc1Cl)S(=O)O,945f8a0ad7ec9aef44a094a0d37d9a870ca6e8a2ca2d7146792cdb76ca40bb1e,still_missed_at_k50
2351,1,0.0,CC1C2CC(C(C(=O)OC(C)(C)C(F)(F)F)C(F)(F)F)C1C2B(F)F,0.0,0.2857143,0.0,0.9815496,0.1917304,50,0.0,CC1CC2C(C(=O)OC(C(F)(F)F)(C(F)(F)F)C(F)(F)F)CC1C2C,0.0,0.6756757,1.0,0.9997679,0.021706946,42831,CC1C2CC(C(=O)OC(C(F)(F)F)(C(F)(F)F)C(F)(F)F)C(C2)C1C,ae672014a77a0d901c123a05aef6ee07b91e341250452fce007528bce3f07f09,still_missed_at_k50
5743,1,0.0,CON=Cc1ccc(C=C2CCC(C)(C)c3cc(C(=O)O)ccc32)cc1,0.0,0.48387095,0.0,0.9898166,0.14474963,50,0.0,CON=Cc1ccc(C=C2CCC(C)(C)c3ccc(C(=O)O)cc32)cc1,0.0,0.53333336,0.0,0.9901165,0.14262725,640,CON=C1CCC(C)(C)c2ccc(C=Cc3ccc(C(=O)O)cc3)cc21,3b2561837bb181bfa394796ca8f42711536ff2d3346b14fd5e9482dc6c778e44,still_missed_at_k50
367,1,0.0,CC1CN(c2ncccn2)c2cc(NC(=O)N3CC4CC3CN4C)ccc2CO1,0.0,0.24175824,0.0,0.82963586,0.55839777,48,0.0,CC1CN(c2nccc(NC(=O)N3c4ccncc4N4CCC3C4)n2)CC(C)O1,0.0,0.5915493,0.0,0.9967211,0.08098046,26741,CC1CN(c2ccc3c(n2)N(C(=O)Nc2cnccn2)C2CCN3C2)CC(C)O1,1aabf19b6fa0fa42b4096f8b712192f3903a7ae5a43203f8eb837868aaaf6ff6,still_missed_at_k50
7461,1,0.0,O=C(O)C(=Cc1ccc([N+](=O)[O-])c(F)c1)Nc1cnc(-c2ccco2)nc1Cc1ccccc1,0.0,0.5,0.0,0.9874719,0.15903327,46,0.0,O=C(O)C(=Cc1ccco1)Nc1ncc(Cc2ccccc2)nc1-c1ccc([N+](=O)[O-])cc1F,0.0,0.5731707,0.0,0.9929112,0.11897744,27345,O=C(O)C(=Cc1ccco1)Nc1ncc(-c2cccc([N+](=O)[O-])c2F)nc1Cc1ccccc1,1f10f1629a66dea38c1596423cfb891fe745b41351d27e21cbc135245fde44cd,still_missed_at_k50
2370,0,0.0,,0.0,0.0,0.0,,,37,0.0,C=C1CCC23Cc4ccc(O)c(OC)c4C2(CO[N+](C)(C)C2CC2)CCC3(O)C1,0.0,0.27173913,0.0,0.96645623,0.26152638,26248,C=C1CCC2(OC)C3Cc4ccc(CON)c(O)c4C2(CC[N+]3(C)CC2CC2)C1,284a2ac6ca652f1492223fd6b5a2c2274bec86779abe39ebbec9994ed43f3b1e,still_missed_at_k50
7568,0,0.0,,0.0,0.0,0.0,,,27,0.0,C=Cc1cn(CC)nc1-c1ccc2nc(-c3cc(=O)n4[nH]cc(C=C)c4c3)sc2n1,0.0,0.3483146,0.0,0.99126476,0.13305087,9068,C=Cc1nc(-c2c[nH]n3c(=O)cc(-c4ccc5c(cnn5CC)c4)nc23)sc1C=C,3ad4145ba7c3eac0acedab1043d220abe326c22675ff7a09bd8cb0a929a1e14c,still_missed_at_k50
7468,0,0.0,,0.0,0.0,0.0,,,45,0.0,C=C(C=CC(=Cc1ccc2[nH]ncc2c1)B1OC(C)(C)C(C)(C)O1)OC,0.0,0.4923077,0.0,0.9832565,0.18304516,8064,C=C(C=CC(=CC)B1OC(C)(C)C(C)(C)O1)Oc1cccc2[nH]ncc12,5be83659ef9c6d4355cfbaf4dd441d58641a746fc68bde7bd7d6ba73d5a518ca,still_missed_at_k50
8988,1,0.0,COCCOCC[NH+]1CC2CC1CN2C(C)(C)Sc1ccc(Cl)cc1,0.0,0.4923077,0.0,0.9929166,0.1206017,50,0.0,COCCOCC[NH+]1C2CC1CN(C(C)(C)Sc1ccc(Cl)cc1)C2,0.0,0.6034483,0.0,0.9950595,0.101331584,12594,COCCOCN1CC2CC(C1)[NH+]2CC(C)(C)Sc1ccc(Cl)cc1,c12adad930889a875dcc9e8e5ad7cc8c4e1a5700c5745d8ad14637f3d386bc7d,still_missed_at_k50
2105,0,0.0,,0.0,0.0,0.0,,,36,0.0,COc1c(-c2cc3c(s2)CCCC3CO)c(C2CC2)cc2[nH]cc(C(=O)O)c(=O)c12,0.0,0.76811594,0.0,0.9988537,0.048003625,20851,COc1c(-c2cc3c(s2)CCCC3CO)c(C2CC2)cc2c(=O)c(C(=O)O)c[nH]c12,c776d972fa435dc4d78f0cd41b7ad22bc4bc15ce6c8cd43a6b145e1853d79e57,still_missed_at_k50
2047,1,0.0,CC(C)c1ncsc1C(=O)OCC(=O)c1cc(F)ccc1F,0.0,0.57894737,0.0,0.99473894,0.10431119,15,0.0,CC(C)c1scnc1C(=O)OCC(=O)c1cc(F)ccc1F,0.0,0.8367347,1.0,0.99905354,0.044567343,26733,CC(C)c1scnc1C(=O)OCC(=O)c1ccc(F)cc1F,3d61fe515bdf635c46af8fa881a0144e114f12a6e983cf00dbddabbfbdfd2865,still_missed_at_k50
5437,1,0.0,O=C1NCc2c(NCc3cc(C(F)(F)F)ccc3Br)cccc2C1=O,0.0,0.88,0.0,0.9445378,0.3292081,50,0.0,O=C(NCc1cc(C(F)(F)F)ccc1Br)c1cccc2c1CN2,0.0,0.52459013,0.0,0.9581368,0.2886614,11149,O=C1NCc2c(NCc3cc(C(F)(F)F)ccc3Br)cccc21,11542a18b27284906ba8a2a9420e2a9dba33bae21eaa6694f04a0ecd3b3d8e69,still_missed_at_k50
1811,0,0.0,,0.0,0.0,0.0,,,30,0.0,CCC(N)(CCCCN)CCCCn1c2c(c(N)nc3c(=O)c4ccccc4c1=3)C(=O)OCC2(N)CCO,0.0,0.3148148,0.0,0.9551348,0.30267042,13688,CCC1(O)C(=O)OCc2c1cc1n(c2=O)Cc2c-1nc1ccccc1c2C=NCCC(N)(CCCN)CCCCN,e7a9783b2aaf10c2e2cef6b0212fda17326523e8b631dcdbf7ec13f2e8468ced,still_missed_at_k50
8675,0,0.0,,0.0,0.0,0.0,,,34,0.0,Cc1c(N2CCCC(c3[nH+]cn4c3CCCC4)C2)ncc([N+](=O)[O-])c1Br,0.0,0.5694444,0.0,0.99691373,0.07956511,43593,Cc1c([N+](=O)[O-])cnc(N2CCCC(c3[nH+]cc4n3CCCC4)C2)c1Br,310e29af1236e005c17f6412a2cfab1d459927b22683416c976b67be2684eccb,still_missed_at_k50
3494,1,0.0,O=C(O)c1cccc(N2CCN(C(=O)c3cc4c(Br)ccc(Cl)c4o3)CC2)c1,0.0,0.44927537,0.0,0.9935481,0.114429854,50,0.0,O=C(O)c1cc(N2CCN(C(=O)c3cc4cccc(Cl)c4o3)CC2)ccc1Br,0.0,0.369863,0.0,0.9944384,0.107389875,45718,O=C(O)c1cc2c(Br)c(N3CCN(C(=O)c4cccc(Cl)c4)CC3)ccc2o1,ea03737ac7fe19ec848356ec2b96cb90967840362aa50e2d1d9b61b8f1fc01ec,still_missed_at_k50
8578,0,0.0,,0.0,0.0,0.0,,,17,0.0,Cc1ccc2c(c1)C1(C)N(C)c3ccccc3N2C23C(=O)N4C(C)(C)C(=O)[N+](C)(C)C4(C)C2(C)C13C,0.0,0.26923078,0.0,0.98648566,0.16465631,27286,CN1c2ccccc2C23C1[N+]14C(=O)C(C)(C)C(C)(C)C15c1ccccc1N(C)C54N2C(=O)C(C)(C)C3(C)C,dee5d264e2005e85504257de5f6131a8c0fadb7a26015699dc36345e9fa73fae,still_missed_at_k50
3639,1,0.0,CC1(C)CC2C(CC=CC(=O)CCl)CCC21,0.0,0.2,0.0,0.9746179,0.22545232,50,0.0,CC(=CC=O)CCC1C2CCC(C2)C1(C)CCl,0.0,0.47058824,1.0,0.9983416,0.057688937,40916,CC(C=O)=CCCC1(C)C2CCC(C2)C1CCl,c0f4ec8a0ce6725f9c1c9e3ea57aac7e193ba6fa6039f4d8060f8e25ed027c86,still_missed_at_k50
4956,1,0.0,C=CC(=O)N1CCN(c2ccc3ncnc(Nc4ccc(Oc5cnc6ncnn6n5)c(C)c4F)c3n2)CC1C,0.0,0.6701031,0.0,0.9981362,0.06105561,38,0.0,C=CC(=O)N1CCN(c2ncnc3cnc(Nc4ccc(Oc5ccn6ncnc6n5)c(C)c4F)nc23)CC1C,0.0,0.7888889,0.0,0.9996016,0.028263774,12027,C=CC(=O)N1CCN(c2ncc3ncnc(Nc4ccc(Oc5ccn6ncnc6n5)c(C)c4F)c3n2)CC1C,be9877fd2e155c3e97ecdc8860f9e57fb35091fe431c30774fb30ab403bed91a,still_missed_at_k50
342,0,0.0,,0.0,0.0,0.0,,,37,0.0,C=CCOC(=O)OCC1=C(COC(N)=O)N2C(=O)C(c3cc(C(=O)OCC)cc4ccccc34)C2CC1=C,0.0,0.4329897,0.0,0.9761264,0.22029983,5870,C=CCOC(=O)OC(C)C1C(=O)N2C(C(=O)OCC=C)=C(c3cc(COC(N)=O)c4ccccc4c3)CC12,78cdb9135cdb25a277eb17c27f34b2bce00872a07b06ed29460a066e72148659,still_missed_at_k50
7781,1,0.0,CC(C)(C)OC(=O)Cc1nnc(NC2Cc3ccccc3C2)nc1-c1nc(C(F)(F)F)no1,0.0,0.5263158,0.0,0.969983,0.29075214,44,0.0,CC(C)(C)OC(=O)Cc1nnc(-c2nc(NC3Cc4ccccc4C3)ncc2C(F)(F)F)o1,0.0,0.75757575,0.0,0.99760264,0.07009449,15965,CC(C)(C)OC(=O)Cc1nnc(-c2cnc(NC3Cc4ccccc4C3)nc2C(F)(F)F)o1,aa475637859c65e2a75170416e9cbc9dcb92aae8b1711401bb3566a15cb36cef,still_missed_at_k50
6667,1,0.0,Cc1ccc2nc(C[NH+]3CC4[NH2+]CCC5COCCC54C3)cn2c1,0.0,0.4722222,0.0,0.99255973,0.123007506,31,0.0,Cc1ccc2nc(C[NH+]3CC45CC[NH2+]CC3C4COCC5)cn2c1,0.0,0.8245614,0.0,0.9984381,0.056222364,11076,Cc1ccc2nc(C[NH+]3CC4(CC[NH2+]CC4)C4COCC43)cn2c1,3cdbd2d61f5de768a15aadcb7bbd3ec6bfdb1957c9bdb2b73eb56abc365598b0,still_missed_at_k50
1733,0,0.0,,0.0,0.0,0.0,,,25,0.0,Cc1[nH]nc2ncc3c(C#N)c(-c4cn[nH]c4)c4c(c3c12)CCCC4,0.0,0.32394367,0.0,0.99403507,0.10911676,23875,Cc1[nH]ncc1-c1nc2c(C#N)cc3[nH]ncc3c2c2c1CCCC2,3850dad8f22dfc4f97f7ddeba2e665b147d7cc5899db31f80bc32d7db7e031b1,still_missed_at_k50
2154,1,0.0,COC(=O)C(CC(C)CCC(C)F)C(NC(=O)OC(C)(C)C)C(=O)OC,0.0,0.6888889,1.0,0.9952259,0.09854179,50,0.0,COC(=O)C(C(=O)OC)C(CCC(C)CC(C)C)NC(=O)OC(C)(C)F,0.0,0.6304348,1.0,0.9964723,0.08393962,27877,COC(=O)C(C(=O)OC)C(CC(C)CCC(C)F)NC(=O)OC(C)(C)C,2dda425c838eb55998e7afe24455408c4957618daac5e42332de862c9312eed5,still_missed_at_k50
807,1,0.0,CC(C)Cc1cccc(-n2cc(C(=O)N3CCCC(CCO)C3)nc2[O-])c1,0.0,0.5263158,0.0,0.9609907,0.27808258,50,0.0,CC(C)C1CCCN(C(=O)c2nn(-c3cccc(CCO)c3)cc2[O-])C1,0.0,0.62857145,1.0,0.9881228,0.15554981,49753,CC(C)c1cccc(-n2cc([O-])c(C(=O)N3CCCC(CCO)C3)n2)c1,45e1b0d5d62503dd9bf4fd0e00d9345b009e48ba34f8399e379254c0faf4dec2,still_missed_at_k50
8302,1,0.0,CCC(CC1CC2CC(N=C=O)CC2N=C1C)OC,0.0,0.20967741,0.0,0.8786104,0.48637328,43,0.0,CCC(CN=C=O)C1CC2CC(C(C)N=C=O)C2C1,0.0,0.42857143,0.0,0.9919765,0.12733138,16606,CCCC(N=C=O)C1CC2CC1CC2C(C)N=C=O,5e4629c1adc4276db2887e642991078567af9a49087ee16080130d184ee7a474,still_missed_at_k50
3333,1,0.0,CC(NC(=O)C(NC(=O)CN)C(=O)O)C(=O)OC1C2CCC(C)(C)C2C1(C)C,0.0,0.3611111,0.0,0.9849038,0.17448172,50,0.0,CC(N)C(=O)NC(CC(=O)O)C(=O)NC(C)C(=O)OC12CCC(CC1C)C2(C)C,0.0,0.5873016,1.0,0.9974664,0.07130667,46845,CC(N)C(=O)NC(CC(=O)O)C(=O)NC(C)C(=O)OC1C2(C)CCC(C2)C1(C)C,16d5eea5821ccf1f23c1a02b6f8cd670cab635d589e4dea97b58085bc74e41e0,still_missed_at_k50
3596,1,0.0,NS(=O)(=O)Cc1cc2c(cc1OC(F)F)C(c1ccccc1)c1cc(Br)ccc1O2,0.0,0.4722222,0.0,0.98199975,0.21297237,50,0.0,NS(=O)(=O)Cc1cc(OC(F)F)cc2c1-c1cc(Br)ccc1C(c1ccccc1)O2,0.0,0.5797101,1.0,0.99782056,0.066025555,34386,NS(=O)(=O)Cc1ccc2c(c1)C(c1ccccc1)Oc1cc(Br)cc(OC(F)F)c1-2,6018e87cbd3039aa474190f83c590a2f299fbe36f5ea132cf5515d217b7cbc30,still_missed_at_k50
125,1,0.0,CNOC(CN(CCN(CCN(C)O)COCOC)OC=COC=O)OC,0.0,0.1971831,1.0,0.97417045,0.22596914,46,0.0,CNOC(=CO)CN(CC=CO)CCN(CCN(C)O)OCOCOC,0.0,0.2857143,1.0,0.99020785,0.14022543,5017,COOCN(CCN(COOC)COOC)CCN(CC=CO)NC=CO,b5f044026adf550c919909f0b9ef2c83da16678d3abcbbe68601c7f05425ebd8,still_missed_at_k50
8553,1,0.0,C=C(C)C1CCC2C(=O)N1CCC2(NC(=O)NC(C(=O)O)C(=O)N1CCCCC1)C(=O)C1C=CCCC1,0.0,0.3137255,0.0,0.9481931,0.31769642,45,0.0,C=C(C)C1CCC(NC(=O)NC(C(=O)O)C(=O)N2CCCCC2)C(=O)C23C=CC(CCC2)NC(=O)C13,0.0,0.32673267,0.0,0.9808216,0.1951948,43352,C=C(C)C(NC(=O)NC1CCCCCC=CC2CC2(C(=O)O)NC(=O)C2CCCN2C1=O)C(=O)C1CC1,5a4749018387e0500fce88ba22bdd7ba961709a82da8e9f10f49b4f48b1c2522,still_missed_at_k50
1844,1,0.0,COc1ccc(CN2C(=O)c3ccccc3C2(O)c2cccc3c2OCC(=O)N3)cc1OC,0.0,0.55263156,0.0,0.99788517,0.06771905,50,0.0,COc1cccc(CN2C(=O)c3ccccc3C2(O)c2ccc3c(c2)OCC(=O)N3)c1OC,0.0,0.8769231,0.0,0.9998806,0.015607163,23659,COc1cccc(CN2C(=O)c3ccccc3C2(O)c2ccc3c(c2)NC(=O)CO3)c1OC,c790b220e882ba6266f0f3c84b1997c07607546f37af59db1450d0cfbc3cb0e6,still_missed_at_k50
1699,1,0.0,O=C=NC1CSCC(C(=O)O)N=N1,0.0,0.23255815,0.0,0.88369197,0.4733089,50,0.0,O=C=NC1CSCC(N=C=O)S1,0.0,0.43333334,0.0,0.98773605,0.16178966,7938,O=C=NC1CCSC(N=C=O)S1,4079145c582f459f3c3e2b1d5b1c2c6c1127fbb05e9a584c4b771267fa69f660,still_missed_at_k50
5778,1,0.0,C=CCN(CC(=O)OCC)c1nc2nc(N(CC)CC(=O)OCC)nc(=O)n2n1C=C,0.0,0.53968257,0.0,0.9639981,0.2671027,22,0.0,C=CCN(CC(=O)OCC)c1nc2nc(N(CC=C)CC(=O)OCC)oc(=O)n2n1,0.0,0.5322581,0.0,0.9982527,0.059242357,15052,C=CCN(CC=C)c1nc(N(CC(=O)OCC)CC(=O)OCC)n2oc(=O)nc2n1,f18770d42b0aee11313ea750bd5c3755587738b067e1e30fc8c7fdeb48b9ca7b,still_missed_at_k50
7421,0,0.0,,0.0,0.0,0.0,,,36,0.0,O=C(NCc1ccon1)c1cccnc1-n1cnc2ccccc21,0.0,0.66101694,0.0,0.9967586,0.08046835,13052,O=C(NCc1cccnc1-n1cnc2ccccc21)c1ccon1,a8fee6538b73108984ab8b66c9f686a094d1a1f2c146642d60504a854e38ee56,still_missed_at_k50
4228,1,0.0,COCCC(C)(C)CC(C)NC1CC2CCC1C2,0.0,0.31034482,1.0,0.9713936,0.24053067,50,0.0,COCCC(C)(CNC(C)(C)C)C1CC2CCC1C2,0.0,0.34545454,1.0,0.99593747,0.090675704,23567,COCCC(C)C1(CNC(C)(C)C)CC2CCC1C2,2099f97516d0d6c97bacbc2958f4e2679e9f23a14b73549af02eec2994ad9a34,still_missed_at_k50
9194,1,0.0,CC1C2CCC(CP(P)P)C1P2,0.0,0.2195122,0.0,0.96949774,0.24511674,50,0.0,CC1C2CCC(PP(P)P)C1C2,0.0,0.4,0.0,0.9949986,0.100794844,39171,CC1C2CCC(C2)C1P(P)PP,9678847c72a93042d97b6d985c3ae728b1e212c3941fabcccb9dcd1c3d782ddf,still_missed_at_k50
5235,1,0.0,Cc1nn(-c2ccccc2)c2c1C(=O)N(C1CN(C(=O)Cc3ccccc3)C1)CC2(C)C,0.0,0.5522388,0.0,0.9788061,0.21040165,49,0.0,Cc1nn(-c2ccccc2)c2c1C(=O)N(C1CN(C(=O)Cc3ccccc3)C1)C2C(C)C,0.0,0.79310346,0.0,0.9985672,0.053515617,47399,Cc1nn(-c2ccccc2)c2c1C(C(C)C)N(C1CN(C(=O)Cc3ccccc3)C1)C2=O,8cf6d94403586cfe16d31b405839a2aaebb2b60502dbecf1459e72956b139f7f,still_missed_at_k50
2656,1,0.0,CC1OC(=O)C2=C1C(=O)N1SC2C(=O)C1C(=O)NCc1cccs1,0.0,0.32894737,0.0,0.974025,0.24294825,45,0.0,CC1OC(=O)C2=C3CS(=O)C3C(=O)N2C1C(=O)NCc1cccs1,0.0,0.5,0.0,0.9951645,0.0984158,18637,CC1OC(=O)C2=C1CS(=O)C1C(NC(=O)Cc3cccs3)C(=O)N21,5942be5486da3424966280b204ba3563322a2af10838646873572230e4f1c0ad,still_missed_at_k50
412,1,0.0,CCCC1CC2C(Cl)C1([N+](=O)[O-])C2[N+](=O)[O-],0.0,0.44444445,0.0,0.98601085,0.1763636,48,0.0,CCCC1CC2CC1C([N+](=O)[O-])([N+](=O)[O-])C2Cl,0.0,0.5609756,1.0,0.99967325,0.025672372,10099,CCCC1CC2CC1C(Cl)C2([N+](=O)[O-])[N+](=O)[O-],db1161f66812f3d23598fea26471230d447c404e951f050c825e8d21c55ed03e,still_missed_at_k50
2266,0,0.0,,0.0,0.0,0.0,,,26,0.0,CCOc1ncc(-c2ccc(NS(=O)(=O)c3cnc4cc(C)c(OCCOC)cn4c3=O)c(C)n2)s1,0.0,0.39175257,0.0,0.9875392,0.15962952,25307,CCOCCOc1cnc2ccc(-c3cnc(OC)c(NS(=O)(=O)c4sc(C)nc4C)c3)cn2c1=O,3492003dd5d94dde014e744fc0187505a500ea48d6d10cf2ebba231b437bad2c,still_missed_at_k50
1791,1,0.0,CCC(=O)OC1CC2C3CCC4=C(N)C(=O)CCC4(C)C3C(C#N)C2(C)CC1=O,0.0,0.3409091,0.0,0.97921133,0.21016484,18,0.0,CCC(=O)OC1CCC2(C#N)C3=CCC4=C(N)C(=O)C5(C)CCC5C4(C)C3CC12,0.0,0.33707866,0.0,0.9973465,0.07553944,33525,CCC(=O)OC1CCC2C3C(=CCC12C)C1(C)CCC(=O)C2=C(N)C3CC21C#N,787343a68e2c26f9ac61e4683bb119dc1795dff4c0d759b36c35049fc76edb3d,still_missed_at_k50
6604,0,0.0,,0.0,0.0,0.0,,,19,0.0,CCOc1ccc(-c2ccc3c(c2)-c2noc(=O)n2CO3)cc1C(F)(F)F,0.0,0.6,0.0,0.9954768,0.097576685,36036,CCOc1ccc(-c2ccc3c(c2)-n2c(noc2=O)CO3)cc1C(F)(F)F,cac112740c0d864244e85b7866e451621c25843179bb634d542e3c09ee110348,still_missed_at_k50
1330,1,0.0,COC(=O)C(N)C(=O)N1CCN(c2cn(-c3cc(F)c(CS)c(F)c3)nn2)CC1,0.0,0.4520548,0.0,0.9438475,0.33308816,50,0.0,COC(=O)C(N)c1cn(-c2cc(F)c(N3CCN(C(=S)C(=O)O)CC3)c(F)c2)nn1,0.0,0.75409836,1.0,0.99644256,0.084324956,38626,COC(=S)C(N)c1cn(-c2cc(F)c(N3CCN(C(=O)C(=O)O)CC3)c(F)c2)nn1,02ca12aa6da16920cbc20059962ff9e4ab55cc3d0ac56c63d2a8d1f4ea755fe4,still_missed_at_k50
8281,0,0.0,,0.0,0.0,0.0,,,36,0.0,Cc1nn(C)c(C)c1C(=O)NC1CN(C(=O)c2cc(Cl)c3nccnc3c2)CCC1c1ccccc1,0.0,0.6883117,0.0,0.9920203,0.12788256,24886,Cc1nn(C)c(Cl)c1C(=O)NC1CCN(C(=O)c2cc(C)c3nccnc3c2)CC1c1ccccc1,15af78935727c989676d886f9418e3214f0de17e0acfc4bbd64eaee84f199bd0,still_missed_at_k50
8437,0,0.0,,0.0,0.0,0.0,,,19,0.0,CCOC(=O)N(CCCCn1c(CNC(=O)CC2CCOCC2)nc2c3ccccc3[n+]([O-])cc21)C(C)(C)C,0.0,0.53061223,0.0,0.99182755,0.12765104,12395,CCN(Cc1nc2c[n+]([O-])c3ccccc3c2n1CCCCNC(=O)CC1CCOCC1)C(=O)OC(C)(C)C,376b5a3202a8cfa1579dd63f94683fb03a069de7a158f86941e7631f8877d21c,still_missed_at_k50
4493,0,0.0,,0.0,0.0,0.0,,,40,0.0,CCC1(O)C(=O)OCc2c1cc1n(c2=O)Cc2cc3c(C[Si](C)(C)C)c(OC(C)C#N)ccc3nc2-1,0.0,0.6,1.0,0.9968421,0.07943616,31191,CCC1(O)C(=O)OCc2c1cc1n(c2=O)Cc2cc3c(OCC#N)ccc(C(C)[Si](C)(C)C)c3nc2-1,77fde69d5148f8ec1a7fc7a3d46b0aa507b26adf36f58171acb53f44f424c08b,still_missed_at_k50
3120,0,0.0,,0.0,0.0,0.0,,,47,0.0,C1=CCC2C=CC3C(CC2=C1)CN1CC=CC2=CC=CC2C31,0.0,0.22857143,0.0,0.9963763,0.08516203,19647,C1=CCC2C(=C1)C1C=CC=CC1=C1CN3CC=CC3CC12,77e6f98d5b698103f70816851f1683fd18936f4bf7ea30f6e19f26fe7dbb6910,still_missed_at_k50
5309,1,0.0,CCn1c(NS(=O)(=O)c2cccc(Cl)c2)nnc1C(C)Oc1ccc(-n2cnnc2)cc1Cl,0.0,0.49367088,0.0,0.97337365,0.23042858,50,0.0,CCn1c(Oc2ccc(Cl)c(Cl)c2)nnc1C(C)NS(=O)(=O)c1cccc(-n2cnnc2)c1,0.0,0.88709676,0.0,0.999645,0.026659068,45866,CCn1c(Oc2cccc(-n3cnnc3)c2)nnc1C(C)NS(=O)(=O)c1ccc(Cl)c(Cl)c1,41bec1c72d65adc5d0ac7d53223c77e7acb62626c83b580281d576c6cd7408ef,still_missed_at_k50
7618,0,0.0,,0.0,0.0,0.0,,,33,0.0,CC(C)CNc1ncc2c(n1)C(c1ccc3nc(F)cn3c1)=CC(C)NC2,0.0,0.5694444,0.0,0.9960831,0.08848726,20397,CC(C)CNc1ncc2c(n1)CNC(C)C=C2c1ccc2ncc(F)n2c1,9920b88aeaa7dba5546d8c0931860957e2a972acb00fe719225f7d32e3222b0c,still_missed_at_k50
798,1,0.0,COc1ccc(C(C)=O)c(Nc2cc(C#N)ncc2C)c1OC,0.0,0.66071427,0.0,0.99772334,0.06745529,50,0.0,COc1ccc(C(C)=O)c(Nc2cnc(C#N)cc2C)c1OC,0.0,0.64912283,1.0,0.9990919,0.04271109,13031,COc1ccc(C(C)=O)c(Nc2cnc(C#N)c(C)c2)c1OC,af6fb187660a21f36096d9e785c1c03cbfb4d641d634a0c15483f80d5c555b08,still_missed_at_k50
8045,1,0.0,CS(=O)(=O)CC1(O)C(=O)OCc2c1cc1n(c2=O)Cc2cc3ccccc3nc2-1,0.0,0.84126985,1.0,0.99393696,0.12098954,15,0.0,CS(=O)(=O)CC1(O)C(=O)OCc2c1cc1n(c2=O)Cc2nc3ccccc3cc2-1,0.0,0.64285713,0.0,0.9939417,0.117730044,21064,CS(=O)(=O)CCC1(O)C(=O)OCc2c1cc1n(c2=O)Cc2cc3ccccc3nc2-1,e88b6706412a248b1c6bbaeea3b68ef155f05275957b80aaafd0ccf24bd3ba4a,still_missed_at_k50
1065,1,0.0,Cc1ccc(S(=O)(=O)Cc2csc(CC(=O)C3CCCC3)n2)c(CC(=O)c2ccncc2)c1,0.0,0.5810811,0.0,0.99630255,0.08592126,50,0.0,Cc1ccc(S(=O)(=O)Cc2csc(CC(=O)Cc3ccncc3)n2)c(C(=O)C2CCCC2)c1,0.0,0.74626863,0.0,0.9983459,0.05941432,28157,Cc1ccc(CC(=O)Cc2nc(CS(=O)(=O)c3ccncc3)cs2)c(C(=O)C2CCCC2)c1,679822b0dd0dfb42abc2bacd02bd9cf6277968425a10f1b7d40c702958bd45da,still_missed_at_k50
7874,0,0.0,,0.0,0.0,0.0,,,37,0.0,Cn1ccc(Nc2nc3c(N4CC5CCC(C4)N5CC(=O)N4CCN(Cc5ccc(Cl)cc5)CC4)cccn3n2)n1,0.0,0.6436782,0.0,0.9941016,0.11092919,26634,CN1CCN(C(=O)Cn2cc(Nc3nc4c(N5CC6CCC(C5)N6Cc5ccc(Cl)cc5)cccn4n3)cn2)CC1,ea8c7648375a91e3bdbcafe7c145b1a271f6fafd19880747823fdc0a9012b2cd,still_missed_at_k50
1325,0,0.0,,0.0,0.0,0.0,,,6,0.0,[NH3+]CC1c2ccccc2-c2cc([nH]c(=O)c2)CN1C(=O)c1ccc[n-]1,0.0,0.33333334,0.0,0.96757877,0.25666124,33278,[NH3+]CC1Cc2ccccc2CN1C(=O)c1[n-][nH]c2cc(=O)ccc1-2,64a26b11d172b2d0709c0116d0437854a9708a2b0d49890683f171a06a857665,still_missed_at_k50
5999,1,0.0,CCOC(=O)c1cc(Nc2cc(OC)cnc2C)c(OC)cc1F,0.0,0.4375,1.0,0.9890865,0.1474855,50,0.0,CCOc1cc(Nc2cncc(F)c2C)c(C(=O)OC)cc1OC,0.0,1.0,1.0,0.99999046,0.004374222,41551,CCOc1cc(C(=O)OC)c(Nc2cncc(F)c2C)cc1OC,4bb790d57ca03ebf45e4ae4753009971ee5a9ebf9c3e0fbda667d0e0fa112e56,still_missed_at_k50
264,1,0.0,Cc1cc([N+](=O)[O-])ccc1N=Nc1c(C)[nH]n(-c2ccccc2Cl)c1=O,0.0,0.6333333,1.0,0.99759597,0.06944726,50,0.0,Cc1cccc(-n2[nH]c(C)c(N=Nc3cccc([N+](=O)[O-])c3)c2=O)c1Cl,0.0,0.7818182,1.0,0.9991181,0.04201153,7656,Cc1[nH]n(-c2cccc(Cl)c2C)c(=O)c1N=Nc1cccc([N+](=O)[O-])c1,3573cef01993dec3d4af75a478594ba8129f3615cb582b9e583403892c777bd4,still_missed_at_k50
5127,1,0.0,CCCOCC12CCC(CC1)C2C,0.0,0.16666667,1.0,0.9823808,0.18712991,43,0.0,CCCCOC1(C)CC2CCC1C2,0.0,0.7352941,1.0,0.991237,0.13209875,16445,CC1(OCCC[SiH3])CC2CCC1C2,08b9c9d9f41bfd52758d066f338a3606083829c9422b2b16104a8a0267558bf9,still_missed_at_k50
859,1,0.0,CCC1NC(=O)C(C(C)C)N(C(C)CC(C)(C)C)C1=O,0.0,0.38,1.0,0.9990035,0.04497772,50,0.0,CCC1NC(=O)C(C(C)(C)C)N(C(C)CC(C)C)C1=O,0.0,0.5681818,1.0,0.99953103,0.030626286,37566,CCC1C(=O)NC(C(C)(C)C)C(=O)N1C(C)CC(C)C,30abe27599222a51c31d981b1700cf46e8a24390d5301700c21584039e606648,still_missed_at_k50
7089,1,0.0,CC1CN2CC(S)C(=O)c3scc(N)c3C12,0.0,0.42307693,0.0,0.7968718,0.64295375,50,0.0,CC1c2scc(N)c2C2=CC(=O)N(P)CC21,0.0,0.3888889,0.0,0.986326,0.16915646,43326,CC1CN(P)C2=CC(=O)c3scc(N)c3C21,92904a765ad3caa963d3b8dfa458b36724949a9a240b3d53a99169297a28f2f6,still_missed_at_k50
9467,0,0.0,,0.0,0.0,0.0,,,29,0.0,Nc1nc[n+](CCc2cc3c(cc2Br)OCO3)c2nc(Sc3ccccc3C(F)(F)F)[nH]c12,0.0,0.8382353,0.0,0.99942315,0.034144815,41896,Nc1nc[n+](CCc2ccccc2C(F)(F)F)c2nc(Sc3cc4c(cc3Br)OCO4)[nH]c12,ebaae2fd4da7e226bf16fb0ec2505fa78521ef72ab3a5b8a4b752c05099285f7,still_missed_at_k50
3026,0,0.0,,0.0,0.0,0.0,,,26,0.0,CCOC(=O)C1=C(C(=O)C=Cc2cccc([N+](=O)[O-])c2)N(C)C(C(=O)[O-])=C(OC(C)(C)C)C1c1csc(C)c1,0.0,0.27586207,0.0,0.9525724,0.31036618,35537,COc1scc(C)c1C1=C(C(=O)[N-]CC(=O)OC(C)(C)C)C(c2cccc([N+](=O)[O-])c2)C(=[O+]C)C(=CC=O)N1,df814740001f9279d323622e41b9a75d5563665ef24a6d03d6c0555a91bcaf90,still_missed_at_k50
9034,0,0.0,,0.0,0.0,0.0,,,9,0.0,CCSC(=N)N=C([O-])n1cnc2c(=O)[nH]cnc21,0.0,0.21917808,0.0,0.91250706,0.42856812,9217,CCOC([O-])=NC(=S)N=c1[nH]ccn2cnnc12,d1a7e35e8ac6a15cac4a6852a9f1d330d80fce4ba4dae40b5629c5c5fc6b5a43,still_missed_at_k50
5254,1,0.0,CCc1nn(C)c(-c2cc(C(=O)NCC3(O)CCC(C(C)(C)NS(=O)O)CC3)cnc2OC(F)F)c1CC,0.0,0.44117647,0.0,0.9794807,0.20858903,50,0.0,CCc1nn(C)c(-c2cc(C(=O)NCC3(O)CCC(NS(=O)O)CC3)cnc2OC(F)F)c1CC(C)(C)C,0.0,0.5744681,0.0,0.9933766,0.11537733,40509,CCn1nc(C(=O)NCC2(O)CCC(NS(=O)O)CC2)c(C)c1-c1cnc(CC(C)(C)C)cc1OC(F)F,68fbd01aaaac5cd2663990d3f6b0396fa2f4a725f8ec316274db4787756acd13,still_missed_at_k50
8970,1,0.0,CCN1CCN(C(=O)NC(C(=O)O)C(=O)NC(c2ccc(B(O)O)cc2)c2cccc3c2OB(O)OC3=O)CC1,0.0,0.3529412,0.0,0.92455584,0.38501403,50,0.0,CCN1CCN(C(=O)NC(C(=O)NC2Cc3cccc(B(O)O)c3OB2O)c2ccc(C(=O)O)cc2)C(=O)C1O,0.0,0.50526315,0.0,0.9735592,0.22859965,21091,CCN1CCN(C(O)NC(C(=O)NC2Cc3cccc(C(=O)O)c3OB2O)c2ccc(B(O)O)cc2)C(=O)C1=O,9a40100b10e1aa644b061f70795745ce77de1af398cfe50980bd1c489739dfb7,still_missed_at_k50
2227,0,0.0,,0.0,0.0,0.0,,,23,0.0,O=C1CCc2c(-c3noc(-c4cn5cccnc5n4)n3)ccc(F)c21,0.0,0.85714287,0.0,0.9997126,0.02421069,42121,O=C1CCc2c(F)ccc(-c3noc(-c4cn5cccnc5n4)n3)c21,83ac8f25751ad1a29b83debe19907094cb2842fc136aa46d10b0edbcc04e7cea,still_missed_at_k50
2581,1,0.0,COc1ccc(C(=O)NCCN2CCOCC2)cc1-c1ncc(Nc2ncc(F)cc2F)cn1,0.0,0.55421686,0.0,0.99188215,0.13395236,50,0.0,COc1ccc(Nc2ncc(F)c(-c3ccc(F)c(C(=O)NCCN4CCOCC4)c3)n2)nc1,0.0,0.6296296,0.0,0.99564016,0.09532143,16544,COc1cc(F)ccc1-c1nc(Nc2ccc(C(=O)NCCN3CCOCC3)cn2)ncc1F,85a3c4d4379d5435bf037301d4846f311ee32513abc9cc15b927883494666ac6,still_missed_at_k50
3548,1,0.0,CNS(=O)(=O)c1cnc(C(=O)N2CCC(c3ccc(F)cc3)CC2)cc1Nc1ccc(F)cc1C,0.0,0.72727275,0.0,0.99805933,0.06268828,50,0.0,CNS(=O)(=O)c1cnc(C(=O)N2CCC(c3ccc(F)cc3)CC2)cc1Nc1ccc(F)cc1C,0.0,0.72727275,0.0,0.99805933,0.06268828,22079,CNS(=O)(=O)c1cc(Nc2ccc(F)cc2C)c(C(=O)N2CCC(c3ccc(F)cc3)CC2)cn1,00822bb5c4a9d6a0d0f37541765842de32e62b117bbabd14bb7c593faa378cf5,still_missed_at_k50
3847,1,0.0,COCC1COC2CSC(N)=NC12c1cnc(OC(F)(F)c2ccc(CC(=O)F)cc2)nc1,0.0,0.34313726,0.0,0.9235559,0.3998254,50,0.0,COCC1OCC2CSC(N)=NC21c1cc(C(=O)Cc2cnc(OC(F)F)cn2)ccc1F,0.0,0.51578945,0.0,0.99518996,0.0985602,42028,COCC1OCC2(c3cc(CC(=O)c4cnc(OC(F)F)cn4)ccc3F)N=C(N)SCC12,f2507a3f8c9f41efa7ad34a3a260bc0178815d217e09a9d5018c8ca3356cefe1,still_missed_at_k50
4757,1,0.0,Cc1ccc2c(c1)C=C(C(=O)N1CCC3(CCC3)CC1)S(=O)(=O)CO2,0.0,0.53968257,0.0,0.97984236,0.2009027,27,0.0,Cc1ccc2c(c1)OCC(C(=O)N1CCCC3(CC1)CCS3(=O)=O)=C2,0.0,0.7413793,0.0,0.99672246,0.08681302,8696,Cc1ccc2c(c1)C=C(C(=O)N1CCC3(CCC3)S(=O)(=O)CC1)CO2,d2b3a58280a30c98702c243569d2798eed862e3817a6b6cf19f5c743ecefa7f5,still_missed_at_k50
4950,1,0.0,OC(CBr)C(Br)C(O)C(Br)CS,0.0,0.36666667,1.0,0.9892959,0.1480129,47,0.0,OCC(Br)C(Br)C(Br)C(O)C(O)CBr,0.0,0.5769231,1.0,0.9995044,0.031549845,4747,OCC(Br)C(Br)C(O)C(O)C(Br)CBr,bd873e84aae2967c831f8ec29fdd6f7ffea55480aa652d4094927bda575c93a4,still_missed_at_k50
5223,1,0.0,OCC1=CC(O)C2OCOC2C(Br)CO1,0.0,0.3617021,0.0,0.9588986,0.28375125,50,0.0,OCC1=CC2OCOCOC2C(O)C1Br,0.0,0.68421054,1.0,0.998544,0.054140795,14679,OCC1=CC2OCOCOC2C(Br)C1O,fe4016236072df4fe8d06c4141e3889753e0ddff7b6e7d13602c00d6634c91f8,still_missed_at_k50
4287,1,0.0,C=C(C)C(=O)OCCOC(=O)C1C2CC(C(=O)OCCC(F)(F)F)C(C(=O)OCC(F)(F)F)C21,0.0,0.6603774,0.0,0.9955044,0.0961255,50,0.0,C=C(C)C(=O)OCCOC(=O)C1CC2CC1C(C(=O)OCC(F)(F)F)C2C(=O)OCC(F)(F)F,0.0,1.0,1.0,0.99999976,0.0006553206,46,C=C(C)C(=O)OCCOC(=O)C1C2CC(CC2C(=O)OCC(F)(F)F)C1C(=O)OCC(F)(F)F,c1cd56787f07ebd111aeed9766ca827c459f82f6c4b9769ea7913a71be685b96,still_missed_at_k50
9620,1,0.0,COc1cccc(C2c3c(CS(N)(=O)=O)cccc3Oc3ccc(OC(F)F)c(C)c32)c1,0.0,0.5890411,0.0,0.98675406,0.18053506,50,0.0,COc1cccc2c1C(c1cc(OC(F)F)ccc1C)Oc1cccc(CS(N)(=O)=O)c1-2,0.0,0.56578946,1.0,0.99747175,0.07186708,42313,COc1cccc(C2Oc3cccc(OC(F)F)c3-c3ccc(CS(N)(=O)=O)c(C)c32)c1,d9f2e905759d47e4be0b8df743f8438adbb1fd780a4d7f7f01e12151ce3b96dd,still_missed_at_k50
1199,1,0.0,CC(C)(O)C(OCC(F)(F)C(F)(F)F)C1CC2C(C(F)(F)F)CC1C2(F)F,0.0,0.22580644,1.0,0.99499094,0.100023106,50,0.0,CC(C)(OCC(F)(F)C(F)(F)F)C(F)(F)C1C2CC(C1O)C(C(F)(F)F)C2,0.0,0.3392857,1.0,0.99762183,0.06897432,22329,CC1C2CC(CC2OCC(O)(C(F)(F)F)C(F)(F)F)C1C(F)(F)C(C)(F)F,07dd3c3e2c6b2d7ccf725635a57c52179d8d187efed61d37ccd30904f5104cb5,still_missed_at_k50
1295,1,0.0,CCC1NC(=O)C(C(C)C)N(CC=C(C)C(C)(C)C)C1=O,0.0,0.4814815,1.0,0.99519175,0.10043808,49,0.0,CCC(C)C1NC(=O)C(C=C(C)C)N(CC(C)(C)C)C1=O,0.0,0.42857143,1.0,0.99681884,0.07990457,23341,CCC(C)C1C(=O)NC(C(C)(C)C)C(=O)N1CC=C(C)C,c4511889e8adfd96b334300ac3a1921e7d28002ce972f37ad6a2d515cd1540aa,still_missed_at_k50
5580,0,0.0,,0.0,0.0,0.0,,,17,0.0,CC1Nc2ncccc2OC1C(=O)N1CC2CC(NC(=O)OC(C)(C)C)c3nn4c(ccnc4c3F)C21,0.0,0.28448275,0.0,0.94005597,0.34346613,34094,CC(C)(C)OC(=O)N1c2cc(nc3c(C(=O)NC4CC4F)cnn23)Nc2cccnc2OC2CC21,12e8654a69a8941b436344d13e7ae0dd27cdd467958b0cd7486a3d44dafa7821,still_missed_at_k50
7357,1,0.0,COc1ccc(C)c2c(O)ccc(C(=O)OC3C=CC(O)C3O)c12,0.0,0.3548387,0.0,0.98535395,0.17076217,50,0.0,COc1cc(C)c2c(O)ccc(C(=O)OC3C(O)C=CC3O)c2c1,0.0,0.66,1.0,0.99616975,0.088312455,26530,COc1cc(C)c2ccc(O)c(C(=O)OC3C(O)C=CC3O)c2c1,e80192cfcf6ab9c55bfd14107e1f80353242251348b750bae3c42cd42cd0655b,still_missed_at_k50
5422,1,0.0,O=C(O)Nc1cccc(Nc2nc(Cl)cc(S(=O)(=O)Nc3cccc(Cl)c3)n2)c1,0.0,0.4920635,0.0,0.99144536,0.13215142,43,0.0,O=C(O)Nc1cccc(Nc2cccc(S(=O)(=O)Nc3cnc(Cl)nc3Cl)c2)c1,0.0,0.72727275,0.0,0.997209,0.07482202,209,O=C(O)Nc1cccc(NS(=O)(=O)c2cccc(Nc3nc(Cl)ncc3Cl)c2)c1,83f325bafc1d7f161c097f2f130fe2af8ccfbd363aa679e0c61d34acaa099bbe,still_missed_at_k50
8269,1,0.0,O=C(O)CC1CNNC1CC1CN(CCOc2ccc(F)cc2)CN1,0.0,0.5072464,0.0,0.96272147,0.28170946,49,0.0,O=C(O)CC1CNNC1C1CN(CCCOc2ccc(F)cc2)CN1,0.0,0.609375,0.0,0.98338115,0.1878129,44249,O=C(O)CC1CN(CCCOc2ccc(F)cc2)CC1C1CNNN1,dfde8c23eec0f178f34f2e171821b563357b17ba93d3d9ce75568235b53bc929,still_missed_at_k50
9499,0,0.0,,0.0,0.0,0.0,,,32,0.0,CC1CC2(CC(c3cc(F)c(Cl)s3)N1)OCC(O)c1ncn(Cc3cc(F)cnn3)c12,0.0,0.44210526,0.0,0.98545134,0.17001256,14264,CC1CC2(CC(c3cn(Cc4ncc(F)cc4F)nn3)N1)OCC(O)c1cc(Cl)sc12,f8cfca5b952c4dc5bb462e9502972184d4619176cdde28af54c7d7534db8c144,still_missed_at_k50
2824,1,0.0,C=CCOC(=O)NC1SC2C(OC(C)=O)C=CN2C1=O,0.0,0.33802816,0.0,0.9625289,0.30744606,50,0.0,C=CCOC(=O)C1=CN2C(=O)C(C(C)OC(=O)NC)SC12,0.0,0.53968257,0.0,0.9958325,0.09255638,36470,C=CCOC(=O)C1=CSC2C(C(C)OC(=O)NC)C(=O)N12,7b342e8d653f7f1e4faf40d0fee0c8d294c34554b10b589b9a12a19c1ee5b58f,still_missed_at_k50
8799,1,0.0,COc1ccc(CNCC(F)(F)F)cc1CNC(=O)c1ccc(Cl)c2ccccc12,0.0,0.38157895,0.0,0.9231528,0.39225304,50,0.0,COc1cc(CNCC(F)(F)F)ccc1CNNC(=O)c1ccc(Cl)c2ccccc12,0.0,0.40789473,0.0,0.9768804,0.21481064,49306,CN(Cc1ccc(CNCC(F)(F)F)c2ccccc12)NC(=O)c1ccc(O)c(Cl)c1,04f0a0b4861aa6380cd354786b301dd7448aba10dedb5b858468b16a91e6084b,still_missed_at_k50
2422,0,0.0,,0.0,0.0,0.0,,,49,0.0,Cc1cc(NC(=O)NC2CCC(c3cccc(CN(CCO)CCO)c3)c3cccc(OC(C)(C)C)c32)cc2nncn12,0.0,0.42990655,0.0,0.98434633,0.1790805,36485,Cc1nnc2ccc(OC3CCC(NC(=O)Nc4cc(CN(CCO)CCO)cc(C(C)(C)C)c4)c4ccccc43)cn12,06764a91ece5a3c8f74a63bc2b3271fc4732b90887e59d83ad29d15cd2109448,still_missed_at_k50
753,0,0.0,,0.0,0.0,0.0,,,18,0.0,O=c1c2cc3ccccc3cc2nc2n1Cc1ccccc1-2,0.0,0.64285713,0.0,0.9982749,0.062218037,1355,O=c1nc2n(c3cc4ccccc4cc13)Cc1ccccc1-2,f019f490fe3fb3c6c852c1bf701e9753852205e302132cbbe8c38f129b730ca8,still_missed_at_k50
9116,1,0.0,CC(C)c1ccc(C(O)(c2ccc(-c3noc(C4(C(F)F)CN(C)C4)n3)cc2)C(C)C)cn1,0.0,0.36585367,0.0,0.9783986,0.20956305,50,0.0,CC(C)c1ccc(C(O)(c2cncc(-c3noc(C4(C)CN(C)C4)n3)c2)C(C)(F)F)cc1,0.0,0.62857145,0.0,0.99204326,0.12905426,2154,CC(C)c1ccc(C(O)(c2cncc(-c3noc(C(C)(F)F)n3)c2)C2(C)CN(C)C2)cc1,99275c05ab3a6372def4f3f70c4c74d8df60ba735ffe61b5bf1494171191721d,still_missed_at_k50
6535,1,0.0,COc1ccc2c(c1)-c1ccccc1C2Oc1c(OC)cccc1C(OC)C(N)=O,0.0,0.45714286,0.0,0.98087704,0.1981836,44,0.0,COc1cccc(C(OC)c2ccc3c(c2)C(C(N)=O)Oc2cccc(OC)c2-3)c1,0.0,0.6,0.0,0.9976966,0.068010956,35817,COc1cccc(C2Oc3cccc(OC)c3-c3ccc(C(OC)C(N)=O)cc32)c1,652e123d2a8262dd10569f5f173b89cded51c3a819ce02875328b811718fe298,still_missed_at_k50
966,1,0.0,O=C(Nc1ccnc(-c2ccccc2)n1)c1csc(-n2cccn2)c1,0.0,0.3970588,0.0,0.9928513,0.11984531,50,0.0,O=C(Nc1cc(-c2ccccc2)ns1)c1cccc(-n2cccn2)n1,0.0,0.64912283,0.0,0.99612916,0.088071,2886,O=C(Nc1csnc1-c1ccccc1)c1cccc(-n2cccn2)n1,5999c91a6beaec486313572975c35491c16175fbb5742c9baa05c4f31fb845ed,still_missed_at_k50
8196,1,0.0,O=[N+]([O-])OC(O[N+](=O)[O-])OC(c1ccc(Cl)cc1)(c1ccc(Cl)cc1)n1cc(Cl)cn1,0.0,0.2837838,0.0,0.9818492,0.20672998,47,0.0,O=[N+]([O-])OC(O[N+](=O)[O-])OC(Cn1ccnc1)(c1ccc(Cl)cc1)c1ccc(Cl)cc1Cl,0.0,0.4861111,0.0,0.99459064,0.108839914,7268,O=[N+]([O-])OC(n1ccnc1)C(OCc1ccc(Cl)cc1)(O[N+](=O)[O-])c1ccc(Cl)cc1Cl,bbc6f346e4323a6d971b9d373a47df3e18cba17429f9966ce3b738030c48930c,still_missed_at_k50
7029,1,0.0,CN1Cc2ccc(O)cc2-c2ccc(O)c(c2)CC(C(=O)NC(O)CCN)NC(=O)C(CCN)C(O)C1=O,0.0,0.375,0.0,0.98860985,0.16231108,50,0.0,CN1Cc2ccc(O)cc2-c2ccc(O)c(c2)CC(C(=O)NCCN)NC(=O)C(N)C(O)C(CCO)C1=O,0.0,0.41489363,0.0,0.9906455,0.13948874,14944,CN1C(=O)C(CC(O)CN)NC(=O)C(N)Cc2cc(ccc2O)-c2ccc(O)c(c2)CC1C(=O)NCCN,9eed5dfe99cbc9f4a7343f7782f98dcaa9f18532c07a7425a26193a20a348eb3,still_missed_at_k50
1166,1,0.0,Cc1cc(C(N)=S)cc(N2c3ccccc3NC(=N)c3sccc32)n1,0.0,0.49275362,0.0,0.9958014,0.09398545,46,0.0,Cc1cc(C(N)=S)cc(N2c3ccccc3NC(=N)c3ccsc32)n1,0.0,0.57575756,1.0,0.99656695,0.083888434,27586,Cc1cc2c(s1)N(c1cc(C(N)=S)ccn1)c1ccccc1NC2=N,91900a4e6e6d66ba83982895e71e9a1d6c77f96a708f8d81684f290fdd3a5d19,still_missed_at_k50
7010,0,0.0,,0.0,0.0,0.0,,,26,0.0,CNCC1=C(c2csc3c(=O)[nH]c4c(C)c(OC)ccc4c23)C=CC(F)C1,0.0,0.3068182,0.0,0.9887779,0.14950949,9158,CNC(F)C1=CC=C(c2c(OC)cc(C)c3[nH]c(=O)c4sccc4c23)CC1,1e1fac18a0241d6f33d6f4b7a161ee71474c22efa4c8fb13743dca0508900e7a,still_missed_at_k50
1825,0,0.0,,0.0,0.0,0.0,,,28,0.0,CC(=O)NCCCc1cnn2c1NCCC2,0.0,0.6666667,1.0,0.9688582,0.2506797,35810,O=CNCCCc1cnn2c1NCCC2,75b644c5df1f7445ed40db869d8b1a95a7eb62f0cd8333008b099477749b3c30,still_missed_at_k50
9729,1,0.0,CCOc1nc(-c2cnc3ncc(NCc4ccccc4F)nc3c2)ccc1C=O,0.0,0.39240506,0.0,0.95797485,0.30088496,50,0.0,CCOc1nc(-c2ccccc2C=O)nc2cnc(NCc3ccc(F)cc3)nc12,0.0,0.6363636,0.0,0.9979321,0.064277865,9512,CCOc1nc(NCc2ccc(F)cc2)nc2ncc(-c3ccccc3C=O)nc12,cf7fd2cc3863ed441c1584c7222b7da37afc4a79801e256a2e5db96fa93e20fd,still_missed_at_k50
9025,1,0.0,O=C1N(CC2CC[NH+](Cc3cccc(F)c3)C2)CCC12CCOCC2,0.0,0.7096774,0.0,0.987428,0.16940562,44,0.0,O=C1N(CC2CCOC2)CCC12CC[NH+](Cc1cccc(F)c1)CC2,0.0,0.7966102,0.0,0.995853,0.099836715,38751,O=C1N(CC2CCOCC2)CCC12CC[NH+](Cc1cccc(F)c1)C2,b239b3f3189bee5727d1b93fa4b33f8a3b559f846aec275d6b9c4c599ceea8a3,still_missed_at_k50
6308,1,0.0,CC(C)C1CCC(C(=O)NC(C(=O)NC(CC2CCCCC2)C2CCCC2)C(S)C(=O)O)CC1,0.0,0.33802816,0.0,0.9754536,0.22263087,50,0.0,CC(C)C(NC(=O)C(CC1CCCCC1)NC(=O)C1(S)CCC(C2CCCC2)CC1)C(=O)O,0.0,0.516129,0.0,0.9962565,0.08658363,20031,CC(C)C(S)C(=O)NC1(C(=O)NC(CC2CCC(C3CCCCC3)CC2)C(=O)O)CCCC1,af1c35d714cbc973eaf8d38fc1e8780e2a3621a4db0f0c2dc0a987869e91acda,still_missed_at_k50
7147,1,0.0,CN1CCOc2cccc(c2CCNc2ccc(N)cc2)S(=O)(=O)CC1,0.0,0.24050634,0.0,0.83275837,0.65243036,39,0.0,CN(CCOc1cccc2c1CCNS2(=O)=O)CCc1ccc(N)cc1,0.0,0.65,0.0,0.9735885,0.23614575,18303,CN(CCOc1cccc2c1CCS(=O)(=O)N2)CCc1ccc(N)cc1,0c2df5941806a1229e2bb5a879a58e591fed2faa5ff12f85f8940a98d5c4cf85,still_missed_at_k50
6743,1,0.0,COC1=CC(OC(C)C)=C2C(=O)c3c(cc(C(=O)O)ccc3=O)OC(C)=C2CC1,0.0,0.19565217,0.0,0.8579125,0.5266444,50,0.0,CCC(=O)C1=C(C(=O)O)C(=O)C2=C(OC(C)C)C=C3C=C(OC)C=C3OC2C=C1,0.0,0.26136363,0.0,0.99392575,0.11005337,23467,COC1=C(C(=O)CC(C)C)C=C2OC=C3C(C(=O)O)=CC(C)=CC3OC=C2C1=O,4d9c92e0192b6397b2af53ac417256a685d08c56aa5199a54b38833a5a015dec,still_missed_at_k50
7367,0,0.0,,0.0,0.0,0.0,,,31,0.0,C=CCN(CC=C)c1nc2nc(NC(C)=O)nn2c(=O)o1,0.0,0.44067797,0.0,0.99616796,0.08760536,20531,C=CCN(CC=C)c1nc(NC(C)=O)n2oc(=O)nc2n1,018a4183c1c33139f40bb8fef30fe3562c045763c8616064f1e42aa610322e87,still_missed_at_k50
8974,1,0.0,OCc1cc(Nc2cc(C(F)(F)F)cnc2Cl)cc(F)c1F,0.0,0.75555557,1.0,0.9982042,0.061048307,50,0.0,OCc1cnc(Cl)c(Nc2cc(F)c(C(F)(F)F)c(F)c2)c1,0.0,0.61702126,1.0,0.99824953,0.05914645,48877,OCc1c(F)cc(Nc2cc(C(F)(F)F)cnc2Cl)cc1F,183321d28cd11b6d4aa2fa0594e56599c8912a6f34871994e9337dc7ad72e3c7,still_missed_at_k50
7464,0,0.0,,0.0,0.0,0.0,,,17,0.0,CC(C)C(=O)Nc1cccc(CO)c1CC1CCC2C3C4C5CC6CC(O)CC6(C)C5CC4(C)C3C12O,0.0,0.21367522,0.0,0.96429133,0.26583683,19824,COC1CC(=O)C2C3C4CC(C)(C12O)C3(C)C12CC(Cc3cccc(NCC(C)O)c3)CC1CCC4C2,c28b5b929b1f272521f68be278c37e634aa166c360da061b574171c218c2dcb6,still_missed_at_k50
7761,0,0.0,,0.0,0.0,0.0,,,20,0.0,Cc1c(CSc2n[nH]c(=O)c3c2nnn3-c2ccc(Cl)cc2)noc1-c1ccccc1,0.0,0.47435898,0.0,0.98885316,0.14899996,10239,Cc1c2c(CSc3nnc(-c4ccccc4)o3)n[nH]c(=O)c2nn1-c1ccc(Cl)cc1,c8b07d34b8e93c127d50086f7f23a52619e466c8a2d8aab69f5e6e528c495d03,still_missed_at_k50
8571,1,0.0,CCC1COc2c(Br)ccc(CCN)c2N1C(=O)OC(C)(C)C,0.0,0.47761193,0.0,0.9697749,0.24540605,50,0.0,CCC1Oc2c(ccc(Br)c2CCN)N1C(=O)OC(C)(C)CC,0.0,0.75,1.0,0.98847604,0.15186346,22501,CCC1Oc2c(ccc(Br)c2CCCN)N1C(=O)OC(C)(C)C,b6a363be6e2d49759b9c1ac9452671a9c0a55d6902a0575f16b38bec18fa1751,still_missed_at_k50
2942,1,0.0,COc1cc(Nc2ccnc3c2Cc2cc4[nH]ncc4cc2O3)ccn1,0.0,0.23913044,0.0,0.8858394,0.47887242,21,0.0,COc1cc2c(cc1Oc1ccncc1)Cc1cc-2n(C)c1Nc1cn[nH]c1,0.0,0.3139535,0.0,0.9488547,0.3207727,44182,COc1cc2c(cc1On1c[c-]cc1)Cc1c(Nc3cccnc3)n[nH]c1-2,7780e41c03e933c24d63da9391584270456508170593119a9b01147c86c8c6d3,still_missed_at_k50
4709,1,0.0,CCC1=C(C(=O)[O-])N2C(=O)C(CO)SC12,0.0,0.33333334,0.0,0.9854033,0.17046812,50,0.0,CCC1C(=O)N2C(CO)=C(C(=O)[S-])SC12,0.0,0.47826087,1.0,0.99624455,0.086611494,22687,CCC1=C(C(=O)[S-])N2C(=O)C(CO)C2S1,10e13ebf39b00e1fd407a67eb6bdf10202b2c7326f8ce0493d1a3614ea3e953d,still_missed_at_k50
1933,1,0.0,COc1ccc(-n2ncc3c(N=NC(=O)CN(C)C)ncnc32)cc1NCc1cccc(C)c1,0.0,0.49438202,0.0,0.9448547,0.3275376,47,0.0,COc1ccc(CN=Nc2ncnc3c2cnn3-c2cccc(NC(=O)CN(C)C)c2)cc1,0.0,0.8695652,1.0,0.9993547,0.036262564,38258,COc1cccc(-n2ncc3c(N=NCc4ccc(NC(=O)CN(C)C)cc4)ncnc32)c1,bfd4ab817667fbd6e51e0aeb4faa72e3c1936d46233511f47e37b826b6ee9e3c,still_missed_at_k50
9324,0,0.0,,0.0,0.0,0.0,,,26,0.0,CCC1(O)C(=O)OCc2c1cc1n(c2=O)C(CC[Si](C)(C)CI)c2cc3ccccc3nc2-1,0.0,0.5421687,1.0,0.99714154,0.07737156,33400,CCC1(O)C(=O)OC(CC[Si](C)(C)CI)c2c1cc1n(c2=O)Cc2cc3ccccc3nc2-1,5b059aea03174591628017613ac669c126643caf219555022096a54322de7b7b,still_missed_at_k50
5446,1,0.0,OCC1=C(Cl)C(c2ccc(Cl)cc2C(F)(F)c2ccc(F)cc2F)=N1,0.0,0.2857143,0.0,0.906974,0.42210194,39,0.0,OCC1=C(Cl)C=N[N+]1(c1ccc(F)cc1F)c1ccc(Cl)cc1F,0.0,0.46153846,0.0,0.9965072,0.083879545,20147,OCC1=C(Cl)N=C[N+]1(c1ccc(F)cc1F)c1ccc(F)cc1Cl,f13698d94ba20feaf500c7ddd260a719456ad29c7a0e2673ec9117e3230291b2,still_missed_at_k50
8544,1,0.0,Cc1ccc2ncc(NC(=O)C(Cc3ccccc3)n3ccnn3)n2n1,0.0,0.4857143,0.0,0.9753831,0.22612984,33,0.0,Cc1nc2ccccn2c1NC(=O)C(Cc1ccccc1)n1cnnn1,0.0,0.49253732,1.0,0.99695826,0.07938947,45091,Cc1nnnn1C(Cc1ccccc1)C(=O)Nc1cnc2ccccn12,c5e255f9a8412d8f7f6b66171484b0f7d8df74d7bdfec77b8b12dcee1d2fad3b,still_missed_at_k50
9999,1,1.0,COC(=O)c1cc(CNC(=O)C2CCN(S(C)(=O)=O)CC2)oc1C,1.0,1.0,1.0,0.99999994,0.00037217478,30,1.0,COC(=O)c1cc(CNC(=O)C2CCN(S(C)(=O)=O)CC2)oc1C,1.0,1.0,1.0,0.99999994,0.00037217478,43409,COC(=O)c1cc(CNC(=O)C2CCN(S(C)(=O)=O)CC2)oc1C,2b456196476288176fe61860734cbafc12fde75204790f7fb60bb5279a885d6c,greedy_success_retained
3454,1,1.0,COCCc1ccc(S(=O)(=O)N(C)C2CCCc3c2cnn3C)cc1,1.0,1.0,1.0,0.99999976,0.0006599976,42,1.0,COCCc1ccc(S(=O)(=O)N(C)C2CCCc3c2cnn3C)cc1,1.0,1.0,1.0,0.99999976,0.0006599976,4428,COCCc1ccc(S(=O)(=O)N(C)C2CCCc3c2cnn3C)cc1,c58d1dddc64f2d086714beea3baf200b68610ca796a752f4e189d59da869a900,greedy_success_retained
3867,1,1.0,CCCCN(CCCO)C(=O)NCCCC(=O)O,1.0,1.0,1.0,0.99999994,0.00033390766,50,1.0,CCCCN(CCCO)C(=O)NCCCC(=O)O,1.0,1.0,1.0,0.99999994,0.00033390766,23071,CCCCN(CCCO)C(=O)NCCCC(=O)O,a9216fb42dec92f3ef99804e6bf1b92326b06d252ed5da907fd1202612b16ff6,greedy_success_retained
5960,1,1.0,Cc1ccc(-c2nnc(C(C)N3CCN(c4nccn4C)CC3)o2)cc1,1.0,1.0,1.0,0.9999999,0.00054491917,21,1.0,Cc1ccc(-c2nnc(C(C)N3CCN(c4nccn4C)CC3)o2)cc1,1.0,1.0,1.0,0.9999999,0.00054491917,23755,Cc1ccc(-c2nnc(C(C)N3CCN(c4nccn4C)CC3)o2)cc1,048fd187b788426499f4533c93e4354dde9ec28f2662506b1607002f7ed4d990,greedy_success_retained
1490,1,1.0,CC(Oc1ccc2c(c1)CCC2)C(=O)N1CC2(CNC(=O)O2)C1,1.0,1.0,1.0,0.9999999,0.00052228884,24,1.0,CC(Oc1ccc2c(c1)CCC2)C(=O)N1CC2(CNC(=O)O2)C1,1.0,1.0,1.0,0.9999999,0.00052228884,5952,CC(Oc1ccc2c(c1)CCC2)C(=O)N1CC2(CNC(=O)O2)C1,b39071e64a6dc9341e294c189f6e0f3a2dae745dc31449b8fe3f0735ae33a61f,greedy_success_retained
5611,1,1.0,COC(=O)c1cc(S(=O)(=O)Nc2ccon2)ccc1O,1.0,1.0,1.0,0.9999999,0.0004351695,38,1.0,COC(=O)c1cc(S(=O)(=O)Nc2ccon2)ccc1O,1.0,1.0,1.0,0.9999999,0.0004351695,5543,COC(=O)c1cc(S(=O)(=O)Nc2ccon2)ccc1O,1ccb45e509f835a65828f08448150471e1113e7de23376601457af6308e39e8f,greedy_success_retained
8009,1,1.0,Cc1ccccc1NC(=O)NCC(O)c1ccc(-c2ccsc2)cc1,1.0,1.0,1.0,0.99999976,0.00070218084,34,1.0,Cc1ccccc1NC(=O)NCC(O)c1ccc(-c2ccsc2)cc1,1.0,1.0,1.0,0.99999976,0.00070218084,49028,Cc1ccccc1NC(=O)NCC(O)c1ccc(-c2ccsc2)cc1,e866e655fdcc62dadcedecff67ecb047a97ebad263a3dfd79f1b563a92e93029,greedy_success_retained
3470,1,1.0,CC(C)CCNc1cnn(-c2ncccn2)c1,1.0,1.0,1.0,0.9999999,0.0004344271,29,1.0,CC(C)CCNc1cnn(-c2ncccn2)c1,1.0,1.0,1.0,0.9999999,0.0004344271,32616,CC(C)CCNc1cnn(-c2ncccn2)c1,0d22f90dec30bc46d270089e302717a895889429c88987d5ac2b45eff3d44bb3,greedy_success_retained
4670,1,1.0,Cc1ccccc1C(=O)CSC(=O)c1ccccc1N,1.0,1.0,1.0,0.9999998,0.0006242794,31,1.0,Cc1ccccc1C(=O)CSC(=O)c1ccccc1N,1.0,1.0,1.0,0.9999998,0.0006242794,20441,Cc1ccccc1C(=O)CSC(=O)c1ccccc1N,b230bc9e2b1a3792368f581d58e10eadb2efe9f487b534541b7eaaf17b33c59f,greedy_success_retained
9388,1,1.0,CCc1ccc(C=CC(=O)NCCc2nnc3n2CCC3)o1,1.0,1.0,1.0,0.9999999,0.0004505504,31,1.0,CCc1ccc(C=CC(=O)NCCc2nnc3n2CCC3)o1,1.0,1.0,1.0,0.9999999,0.0004505504,31736,CCc1ccc(C=CC(=O)NCCc2nnc3n2CCC3)o1,10d610fdbf88fff6531e89535664e91316b6a3ca35d52286e97dffa2f6fd61f5,greedy_success_retained
2927,1,1.0,O=C1CC(NC(=O)c2cc(Cl)ncn2)CCCN1,1.0,1.0,1.0,0.9999999,0.00050299877,23,1.0,O=C1CC(NC(=O)c2cc(Cl)ncn2)CCCN1,1.0,1.0,1.0,0.9999999,0.00050299877,23069,O=C1CC(NC(=O)c2cc(Cl)ncn2)CCCN1,b3e70e6b6ee40cafc070ebecd6cd17d739de1e4c6a14f37548482e44b49cf1af,greedy_success_retained
4469,1,1.0,CC=CNC(=O)NC(C)C1CC2CCC1C2,1.0,1.0,1.0,0.99999994,0.00033254444,45,1.0,CC=CNC(=O)NC(C)C1CC2CCC1C2,1.0,1.0,1.0,0.99999994,0.00033254444,25363,CC=CNC(=O)NC(C)C1CC2CCC1C2,3ab5aa5458e65b940bf5626d67212bd197f9c1af3637c050c97256d20524c2eb,greedy_success_retained
5855,1,1.0,Cc1cccnc1N(C)C(=O)C=Cc1cc2ccccc2o1,1.0,1.0,1.0,0.9999998,0.0006143973,33,1.0,Cc1cccnc1N(C)C(=O)C=Cc1cc2ccccc2o1,1.0,1.0,1.0,0.9999998,0.0006143973,2636,Cc1cccnc1N(C)C(=O)C=Cc1cc2ccccc2o1,f4701b42b4ec089c0feda9254fb1a61969e41038e6568ec1cfabf8cf5442a517,greedy_success_retained
2663,1,1.0,N#CCCCCNC(=O)C(=O)N(CCc1ccc(F)cc1)C1CCCC1,1.0,1.0,1.0,1.0,1.398214e-07,41,1.0,N#CCCCCNC(=O)C(=O)N(CCc1ccc(F)cc1)C1CCCC1,1.0,1.0,1.0,1.0,1.398214e-07,49992,N#CCCCCNC(=O)C(=O)N(CCc1ccc(F)cc1)C1CCCC1,315e5e17d6e28049144f1c1bccd594912f11a7d5106e660204bcdc03dfc43116,greedy_success_retained
9996,1,1.0,CC(C)CCC(=O)NC1CN(C(=O)c2cc(=O)n(C)o2)CC1C,1.0,1.0,1.0,0.9999999,0.0004476833,30,1.0,CC(C)CCC(=O)NC1CN(C(=O)c2cc(=O)n(C)o2)CC1C,1.0,1.0,1.0,0.9999999,0.0004476833,34592,CC(C)CCC(=O)NC1CN(C(=O)c2cc(=O)n(C)o2)CC1C,21b49df3d9d71d05810929fbad51add6fca61b482a23e3f2391a3ec58c685082,greedy_success_retained
4337,1,1.0,COCCC(C)(C)C(=O)N(C)CC(C)NC(=O)C12CCC(CC1)C2,1.0,1.0,1.0,0.9999999,0.000454116,27,1.0,COCCC(C)(C)C(=O)N(C)CC(C)NC(=O)C12CCC(CC1)C2,1.0,1.0,1.0,0.9999999,0.000454116,25880,COCCC(C)(C)C(=O)N(C)CC(C)NC(=O)C12CCC(CC1)C2,d3f8774971826e7d5ede71d64781e6991e7bf04b8769fb2b013f771429e0a5c7,greedy_success_retained
2265,1,1.0,COc1cccc2c1OCCC2NC(=O)C(=O)N1CCC(C)(C(=O)[O-])C1,1.0,1.0,1.0,0.9999999,0.0005334924,35,1.0,COc1cccc2c1OCCC2NC(=O)C(=O)N1CCC(C)(C(=O)[O-])C1,1.0,1.0,1.0,0.9999999,0.0005334924,31557,COc1cccc2c1OCCC2NC(=O)C(=O)N1CCC(C)(C(=O)[O-])C1,5250acb531aa3753947821eda581d97c2704da702db61d89bdb63dc7e4ccceae,greedy_success_retained
7021,1,1.0,CC(c1noc(N)c1-c1cccc(F)c1)C1CC1,1.0,1.0,1.0,0.9999999,0.0005497945,23,1.0,CC(c1noc(N)c1-c1cccc(F)c1)C1CC1,1.0,1.0,1.0,0.9999999,0.0005497945,40172,CC(c1noc(N)c1-c1cccc(F)c1)C1CC1,ef38d967dbbca23d4396021f21e37d406f37b6e5c9fb8778c1e142ca5e62076b,greedy_success_retained
1212,1,1.0,Cc1nc(C(=O)NCC(C)[NH+](C)Cc2ccc(C#N)cc2F)c(C)o1,1.0,1.0,1.0,0.9999999,0.0005191847,23,1.0,Cc1nc(C(=O)NCC(C)[NH+](C)Cc2ccc(C#N)cc2F)c(C)o1,1.0,1.0,1.0,0.9999999,0.0005191847,23346,Cc1nc(C(=O)NCC(C)[NH+](C)Cc2ccc(C#N)cc2F)c(C)o1,7b917c513801a0971e6b57655f3772c53aa087cd1540d98964b0c0f7b0fedf4f,greedy_success_retained
4901,1,1.0,CN(C(=O)c1ccns1)C1CCN(Cc2nc(=O)n(C)[nH]2)C1,1.0,1.0,1.0,0.9999999,0.00051548786,27,1.0,CN(C(=O)c1ccns1)C1CCN(Cc2nc(=O)n(C)[nH]2)C1,1.0,1.0,1.0,0.9999999,0.00051548786,18703,CN(C(=O)c1ccns1)C1CCN(Cc2nc(=O)n(C)[nH]2)C1,676fd2afa3c19557687b3ac1eb1f77787a63bf8a98ea880d6d84acba98415884,greedy_success_retained
9196,1,1.0,CCN1CCOCC1C(=O)NCC1C[NH+](CC2CC3(CCC3)C2)C1,1.0,1.0,1.0,0.99999994,0.00032971377,50,1.0,CCN1CCOCC1C(=O)NCC1C[NH+](CC2CC3(CCC3)C2)C1,1.0,1.0,1.0,0.99999994,0.00032971377,23602,CCN1CCOCC1C(=O)NCC1C[NH+](CC2CC3(CCC3)C2)C1,2048ea84e432b2c7709121f62a9e6cd34cf6ca41e592cd7299f893b0e1663d9b,greedy_success_retained
2108,1,1.0,CCC(CNC(=O)NCCOCCS(N)(=O)=O)OC,1.0,1.0,1.0,0.99999994,0.00032652318,44,1.0,CCC(CNC(=O)NCCOCCS(N)(=O)=O)OC,1.0,1.0,1.0,0.99999994,0.00032652318,28126,CCC(CNC(=O)NCCOCCS(N)(=O)=O)OC,535d660418a2f870a14aa33e9a7da95295d0b6d241ac5b7fa374f0316909cf49,greedy_success_retained
9414,1,1.0,CCc1ncoc1C(=O)NC(C[NH2+]CC1CCC1)C1CCCCC1,1.0,1.0,1.0,0.9999999,0.00048430738,31,1.0,CCc1ncoc1C(=O)NC(C[NH2+]CC1CCC1)C1CCCCC1,1.0,1.0,1.0,0.9999999,0.00048430738,38871,CCc1ncoc1C(=O)NC(C[NH2+]CC1CCC1)C1CCCCC1,629fe735f2a30697a6d7530540def5337f41838a68021df5cb2f1f14a94710d8,greedy_success_retained
9274,1,1.0,CCCC(C)CC(=O)NC1CC(Nc2cncc(Cl)n2)C1,1.0,1.0,1.0,0.9999998,0.00056843035,17,1.0,CCCC(C)CC(=O)NC1CC(Nc2cncc(Cl)n2)C1,1.0,1.0,1.0,0.9999998,0.00056843035,1450,CCCC(C)CC(=O)NC1CC(Nc2cncc(Cl)n2)C1,31fcfad61ad3d26232c53aeec6dea35c0a75d29776fbcddbc08276d59046da5b,greedy_success_retained
7127,1,1.0,CC1CN(C(=O)C(=O)Nc2ccc(C(=O)C3CCC3)cc2)CC1(C)C[NH3+],1.0,1.0,1.0,0.9999998,0.00055424304,39,1.0,CC1CN(C(=O)C(=O)Nc2ccc(C(=O)C3CCC3)cc2)CC1(C)C[NH3+],1.0,1.0,1.0,0.9999998,0.00055424304,16298,CC1CN(C(=O)C(=O)Nc2ccc(C(=O)C3CCC3)cc2)CC1(C)C[NH3+],11c04c7f989cf21ba6babb70d546a948d2df636439ce753db97911bb30459ea6,greedy_success_retained
9231,1,1.0,CN=C(NCCCOC(C)c1ccccc1)NCc1ccc(CS(=O)(=O)NC)cc1,1.0,1.0,1.0,0.9999999,0.00045797176,50,1.0,CN=C(NCCCOC(C)c1ccccc1)NCc1ccc(CS(=O)(=O)NC)cc1,1.0,1.0,1.0,0.9999999,0.00045797176,36494,CN=C(NCCCOC(C)c1ccccc1)NCc1ccc(CS(=O)(=O)NC)cc1,e76dd0e1191c2086da0392e2e1cf8ee41ab78e3f6ab230e43f4441e40c0c1402,greedy_success_retained
231,1,1.0,O=C(NCC1CCCS1(=O)=O)Nc1ccc(-c2ccc[nH]2)cc1,1.0,1.0,1.0,0.9999999,0.0005113308,22,1.0,O=C(NCC1CCCS1(=O)=O)Nc1ccc(-c2ccc[nH]2)cc1,1.0,1.0,1.0,0.9999999,0.0005113308,104,O=C(NCC1CCCS1(=O)=O)Nc1ccc(-c2ccc[nH]2)cc1,7df31dee41aee1404fcb1c7c77c5d543fd687dddc7e3097ef47bbc11a3440445,greedy_success_retained
3758,1,1.0,CCCNCc1c(C)nc(CSC2CCCC2)nc1C,1.0,1.0,1.0,0.99999994,0.0003776411,40,1.0,CCCNCc1c(C)nc(CSC2CCCC2)nc1C,1.0,1.0,1.0,0.99999994,0.0003776411,4822,CCCNCc1c(C)nc(CSC2CCCC2)nc1C,e66f464d3ae67fa6cf64e8314c7f63617ad6a5563467947cc5992e5d80c1f6f7,greedy_success_retained
948,1,1.0,Cc1cccnc1C[NH2+]CC(C)CNC(=O)c1ccc(Cl)cn1,1.0,1.0,1.0,0.99999976,0.00067012594,10,1.0,Cc1cccnc1C[NH2+]CC(C)CNC(=O)c1ccc(Cl)cn1,1.0,1.0,1.0,0.99999976,0.00067012594,31542,Cc1cccnc1C[NH2+]CC(C)CNC(=O)c1ccc(Cl)cn1,18c6c1619a679718c924b1ae1dcd5d11fcf87919b1b6ac2aecd149f52af49dcd,greedy_success_retained
316,1,1.0,O=C(NC1CN(CCc2ccccc2)CC1O)C1CCn2ccnc2C1,1.0,1.0,1.0,0.9999998,0.00056519895,36,1.0,O=C(NC1CN(CCc2ccccc2)CC1O)C1CCn2ccnc2C1,1.0,1.0,1.0,0.9999998,0.00056519895,32490,O=C(NC1CN(CCc2ccccc2)CC1O)C1CCn2ccnc2C1,9cdea8f10fd88fea3be78fb40cff8e3ffbbca331e4161040a0d0ba67b8697830,greedy_success_retained
305,1,1.0,CC(NC(=O)NC1COCc2ccccc21)c1ccccn1,1.0,1.0,1.0,0.9999998,0.00058649137,8,1.0,CC(NC(=O)NC1COCc2ccccc21)c1ccccn1,1.0,1.0,1.0,0.9999998,0.00058649137,3448,CC(NC(=O)NC1COCc2ccccc21)c1ccccn1,e03bb41c9ef4c9603fa2edad19f3eda02949eb84be71b00dffa47d4b0979eecd,greedy_success_retained
3162,1,1.0,O=C1CSc2ncc(C(=O)Nc3cccc4c3CCCC4)cc2N1,1.0,1.0,1.0,0.9999999,0.000520466,50,1.0,O=C1CSc2ncc(C(=O)Nc3cccc4c3CCCC4)cc2N1,1.0,1.0,1.0,0.9999999,0.000520466,43232,O=C1CSc2ncc(C(=O)Nc3cccc4c3CCCC4)cc2N1,77403b21bfb209399fe89008c186713ab5b99a6995de56a255b2bab0e17cf970,greedy_success_retained
4040,1,1.0,CN(C(=O)C1Cc2ccc(F)cc21)C1CN(Cc2nc(=O)n(C)[nH]2)C1,1.0,1.0,1.0,0.9999998,0.00056573836,39,1.0,CN(C(=O)C1Cc2ccc(F)cc21)C1CN(Cc2nc(=O)n(C)[nH]2)C1,1.0,1.0,1.0,0.9999998,0.00056573836,16317,CN(C(=O)C1Cc2ccc(F)cc21)C1CN(Cc2nc(=O)n(C)[nH]2)C1,666ad8bafeb7cdc6d3fbc836093008189a37be2465db16298f78aaf5811dcbf7,greedy_success_retained
8035,1,1.0,Cc1ccn(CCS(=O)(=O)c2ccc(C(=N)N)cc2)n1,1.0,1.0,1.0,0.9999998,0.00061856164,24,1.0,Cc1ccn(CCS(=O)(=O)c2ccc(C(=N)N)cc2)n1,1.0,1.0,1.0,0.9999998,0.00061856164,13630,Cc1ccn(CCS(=O)(=O)c2ccc(C(=N)N)cc2)n1,3a6d5f11e8eea1f47c27190627369433a62dcf247f2cbe0adfe0854606063448,greedy_success_retained
3088,1,1.0,NCC(=O)NC1C2CCC(C2)C1C(=O)O,1.0,1.0,1.0,0.99999994,0.00032259623,31,1.0,NCC(=O)NC1C2CCC(C2)C1C(=O)O,1.0,1.0,1.0,0.99999994,0.00032259623,28191,NCC(=O)NC1C2CCC(C2)C1C(=O)O,0217796c01a6e3ead9c37d284c24d769d9c96e37cf0b96c32173e94a16f7acd1,greedy_success_retained
9701,1,1.0,Cc1ccccc1C[NH2+]CCC1CCCN(C(=O)C#CC2CC2)C1,1.0,1.0,1.0,0.9999998,0.0006370417,34,1.0,Cc1ccccc1C[NH2+]CCC1CCCN(C(=O)C#CC2CC2)C1,1.0,1.0,1.0,0.9999998,0.0006370417,31586,Cc1ccccc1C[NH2+]CCC1CCCN(C(=O)C#CC2CC2)C1,1d18516951ea2cc97ec4f10c454fff2c02d7c16e4731c747b84b21e23e2ba96c,greedy_success_retained
7598,1,1.0,CCOc1ccc(CNc2cc(C)on2)cc1,1.0,1.0,1.0,0.9999999,0.00045468932,7,1.0,CCOc1ccc(CNc2cc(C)on2)cc1,1.0,1.0,1.0,0.9999999,0.00045468932,36881,CCOc1ccc(CNc2cc(C)on2)cc1,c851b53a43dea08a33013f4670b17c18bee7fc578dc661fa02eddf266f913972,greedy_success_retained
4183,1,1.0,CC(C)(C)OC(=O)C(C(=O)NCCc1cc(C(F)(F)F)ccn1)C1CC1,1.0,1.0,1.0,0.9999998,0.0005727294,21,1.0,CC(C)(C)OC(=O)C(C(=O)NCCc1cc(C(F)(F)F)ccn1)C1CC1,1.0,1.0,1.0,0.9999998,0.0005727294,38819,CC(C)(C)OC(=O)C(C(=O)NCCc1cc(C(F)(F)F)ccn1)C1CC1,41b3d7bd0ef3747d2bc7a5e5da08a4569f255a4592ebcb8e0cd5fa5e2833c27f,greedy_success_retained
6148,1,1.0,CCN(CC(=O)O)C1CC2CCC1C2,1.0,1.0,1.0,0.99999994,0.00037284245,28,1.0,CCN(CC(=O)O)C1CC2CCC1C2,1.0,1.0,1.0,0.99999994,0.00037284245,12925,CCN(CC(=O)O)C1CC2CCC1C2,ea90372763dd8a37391b324ec871d554718a1d6c50ff6d8e71948a7f297fe9fa,greedy_success_retained
34,1,1.0,COc1ccc2cc(C=CC(=O)Nc3ccc([N+](=O)[O-])c(C(N)=O)c3)ccc2c1,1.0,1.0,1.0,0.9999999,0.00054906216,50,1.0,COc1ccc2cc(C=CC(=O)Nc3ccc([N+](=O)[O-])c(C(N)=O)c3)ccc2c1,1.0,1.0,1.0,0.9999999,0.00054906216,20626,COc1ccc2cc(C=CC(=O)Nc3ccc([N+](=O)[O-])c(C(N)=O)c3)ccc2c1,e7c5d63802b16c316685377e6811dfbb240693034c3d70b91b6f473f618f9e95,greedy_success_retained
4704,1,1.0,CS(=O)(=O)NC1CN(C(=O)c2c[nH]c3cccc([N+](=O)[O-])c23)C1,1.0,1.0,1.0,0.99999994,0.00039793274,11,1.0,CS(=O)(=O)NC1CN(C(=O)c2c[nH]c3cccc([N+](=O)[O-])c23)C1,1.0,1.0,1.0,0.99999994,0.00039793274,41348,CS(=O)(=O)NC1CN(C(=O)c2c[nH]c3cccc([N+](=O)[O-])c23)C1,f3bccf55bb1d32d96b9664923d40e6a4bfb0cbf7bfb1c1f44df7d75fad821bdd,greedy_success_retained
6892,1,1.0,CCc1cnc(CCNc2nccc(OC)n2)s1,1.0,1.0,1.0,0.9999999,0.0004454045,39,1.0,CCc1cnc(CCNc2nccc(OC)n2)s1,1.0,1.0,1.0,0.9999999,0.0004454045,14186,CCc1cnc(CCNc2nccc(OC)n2)s1,3b5855236315034cad61e461cc8062bf96282ce06230fded9e528be9c676adf4,greedy_success_retained
1553,1,1.0,CC(CN(C)C(=O)c1cncn1-c1ccccc1)[NH2+]CCC1CC1,1.0,1.0,1.0,0.9999997,0.0007531728,15,1.0,CC(CN(C)C(=O)c1cncn1-c1ccccc1)[NH2+]CCC1CC1,1.0,1.0,1.0,0.9999997,0.0007531728,24546,CC(CN(C)C(=O)c1cncn1-c1ccccc1)[NH2+]CCC1CC1,5ea4ae40e19bc4494033b9426dec26af6f04d45dda8838265b3567f5a50711a3,greedy_success_retained
7044,1,1.0,CCCCOc1ncc(Nc2ccccc2C(N)=O)cc1C,1.0,1.0,1.0,0.99999976,0.00070227083,45,1.0,CCCCOc1ncc(Nc2ccccc2C(N)=O)cc1C,1.0,1.0,1.0,0.99999976,0.00070227083,10109,CCCCOc1ncc(Nc2ccccc2C(N)=O)cc1C,7a56e0b2557c4155fe86bbe34b6c463c283d6bbc4003c55e95d0d9668e50395e,greedy_success_retained
5415,1,1.0,CCC(NC(=O)NCc1nnn(C(C)(C)C)n1)c1ccc(F)cc1F,1.0,1.0,1.0,0.9999998,0.00060599117,23,1.0,CCC(NC(=O)NCc1nnn(C(C)(C)C)n1)c1ccc(F)cc1F,1.0,1.0,1.0,0.9999998,0.00060599117,28154,CCC(NC(=O)NCc1nnn(C(C)(C)C)n1)c1ccc(F)cc1F,5ec23fc38533f3da89580deacfc9c0838cf9282eb7745a67f2d92e5a3f9cbb13,greedy_success_retained
2922,1,1.0,CC1(C)CCC2(C1)NC(=O)N(Cc1ncc(-c3ccc(F)cc3)o1)C2=O,1.0,1.0,1.0,0.9999999,0.00051437627,27,1.0,CC1(C)CCC2(C1)NC(=O)N(Cc1ncc(-c3ccc(F)cc3)o1)C2=O,1.0,1.0,1.0,0.9999999,0.00051437627,32736,CC1(C)CCC2(C1)NC(=O)N(Cc1ncc(-c3ccc(F)cc3)o1)C2=O,1c1aa5b08250a57a631af158cef4b528daeb9cc3baf541ce248a41759c7ab4a7,greedy_success_retained
1172,1,1.0,O=C(NC1CCN(C(=O)C2CC3CCC2O3)C1)c1ccc2n[nH]c(=O)n2c1,1.0,1.0,1.0,0.9999999,0.00048516807,32,1.0,O=C(NC1CCN(C(=O)C2CC3CCC2O3)C1)c1ccc2n[nH]c(=O)n2c1,1.0,1.0,1.0,0.9999999,0.00048516807,2496,O=C(NC1CCN(C(=O)C2CC3CCC2O3)C1)c1ccc2n[nH]c(=O)n2c1,8ffe9b5a9579be785537c57a2bd5bff043c21545957cd394bb621d6deed478bf,greedy_success_retained
1697,1,1.0,CCCc1c(C(=O)NC(CO)C2CCCC2)cnn1Cc1ccccc1,1.0,1.0,1.0,0.99999976,0.0006974059,40,1.0,CCCc1c(C(=O)NC(CO)C2CCCC2)cnn1Cc1ccccc1,1.0,1.0,1.0,0.99999976,0.0006974059,33907,CCCc1c(C(=O)NC(CO)C2CCCC2)cnn1Cc1ccccc1,9c276531306419b7862c6ffe1688e9e39f6e4525df9071865f29b66725f7da2b,greedy_success_retained
160,1,1.0,CCNC(=O)c1ccc(Nc2cnc(OCC)c(F)c2)cc1,1.0,1.0,1.0,0.99999964,0.00083661213,38,1.0,CCNC(=O)c1ccc(Nc2cnc(OCC)c(F)c2)cc1,1.0,1.0,1.0,0.99999964,0.00083661213,18260,CCNC(=O)c1ccc(Nc2cnc(OCC)c(F)c2)cc1,91a4ddc98e25d4f3bab8d8fcfcbcd68874815c8bb79d51c9ffab1e66627be8b0,greedy_success_retained
5874,1,1.0,CCn1cccc(Cn2c(C3CCCN(C(=O)OC(C)(C)C)C3)nnc2N(C)CC(F)(F)F)c1=O,1.0,1.0,1.0,0.99999994,0.0003722073,37,1.0,CCn1cccc(Cn2c(C3CCCN(C(=O)OC(C)(C)C)C3)nnc2N(C)CC(F)(F)F)c1=O,1.0,1.0,1.0,0.99999994,0.0003722073,16187,CCn1cccc(Cn2c(C3CCCN(C(=O)OC(C)(C)C)C3)nnc2N(C)CC(F)(F)F)c1=O,ffa6714c2b4efca417ad20dad578a55981704cbd5e934513c78419493b7c2d50,greedy_success_retained
