batch_index,first_benchmark_seed_index,seed_count,raw_proposals,token_decodable_proposals,rdkit_valid_proposals,rdkit_unique_valid_molecules,release_policy_accepted_proposals,release_policy_unique_molecules,generation_seconds,token_decode_seconds,rdkit_validation_seconds,release_policy_seconds,serialization_seconds,raw_proposals_per_second,raw_smiles_per_second,valid_unique_molecules_per_second,policy_unique_molecules_per_second
0,0,2,2000,2000,1764,721,1764,721,2.2878040919895284,0.02470500103663653,0.35574147797888145,0.9305639659869485,0.028377014969009906,874.2007268029462,864.8614641263039,270.21450227908014,200.34375002904014
1,2,2,2000,2000,1991,6,1991,6,1.2493207569932565,0.016958359046839178,0.2489801850169897,0.9195074089802802,0.0039975729887373745,1600.8699037494623,1579.4306126238534,3.959718310796205,2.464301805698633
2,4,2,2000,2000,1975,15,1975,15,1.0136010919813998,0.014681500964798033,0.23511305899592116,0.8699614770011976,0.004074307042174041,1973.1628308434194,1944.9906219550726,11.872765255240255,7.031171572961027
3,6,2,2000,2000,1964,40,1964,40,0.9430752290063538,0.014181388018187135,0.22148086997913197,0.8077765409834683,0.004067619040142745,2120.7215909034608,2089.3039174977325,33.93461261818287,20.135775250744377
4,8,2,2000,2000,1828,224,1828,224,1.5486905610305257,0.017575171019416302,0.300598151050508,0.9722439319593832,0.004558259970508516,1291.4135659670872,1276.9225292201106,119.98732314001667,78.89802522179993
5,10,2,2000,2000,1997,20,1997,20,0.6765725100412965,0.01240873901406303,0.1904937910148874,0.679891801031772,0.004009732976555824,2956.0763559221828,2902.8366196353486,22.740838669398197,12.825718408803548
6,12,2,2000,2000,1341,633,1341,633,2.282154601998627,0.018322891963180155,0.2182886489899829,0.6627784390002489,0.005633362976368517,876.3648169359225,869.3847278443334,251.31352577979914,198.95996541768474
7,14,2,2000,2000,1953,545,1953,545,0.903557820012793,0.014144686050713062,0.2946626199991442,0.7963582680094987,0.0049313679919578135,2213.472071960689,2179.355495692193,449.5345406131688,271.3165991934601
8,16,2,2000,2000,2000,7,2000,7,0.9400744559825398,0.01609089900739491,0.24803349300054833,0.9263692789827473,0.004056194971781224,2127.4910591094144,2091.6884193331325,5.812993436824249,3.2855086450319133
9,18,2,2000,2000,1968,74,1968,74,1.4513443059986457,0.015483908005990088,0.17243764299200848,0.6444070669822395,0.004186431004200131,1378.0327602028476,1363.486181207092,45.14215902451477,32.40393982123696
10,20,2,2000,2000,2000,5,2000,5,0.8977698700036854,0.014628158009145409,0.25640859600389376,0.9510987589601427,0.004032388038467616,2227.742394598061,2192.025781068298,4.277867610654861,2.3585958317530067
11,22,2,2000,2000,1754,47,1754,47,0.8666313060093671,0.01404808001825586,0.21727968798950315,0.7663363429601304,0.004316346952691674,2307.7864671304437,2270.974013620513,42.80669572504201,25.21059676057412
12,24,2,2000,2000,1671,631,1671,631,2.341528457007371,0.03371307498309761,0.35130945401033387,1.0424287830246612,0.005469529016409069,854.142939845426,842.0196317146688,231.42791139421382,167.41931203391846
13,26,2,2000,2000,1619,366,1619,366,1.328238968970254,0.015073680959176272,0.21221552399219945,0.739619051979389,0.004730287007987499,1505.7531413571935,1488.8566709358897,235.2898559704517,159.46689426701911
14,28,2,2000,2000,2000,26,2000,26,1.082135559991002,0.016449799004476517,0.25480579800205305,0.9450072010513395,0.004302395973354578,1848.1972813245598,1820.5230787244009,19.211001834591876,11.312225275896738
15,30,2,2000,2000,1996,93,1996,93,1.2813145900145173,0.025496400019619614,0.2738145560142584,0.9157948520150967,0.00434082600986585,1560.8969222596147,1530.4432050634616,58.8374648458026,37.25334085242269
16,32,2,2000,2000,1969,108,1969,108,0.9347728290013038,0.014183627965394408,0.19963142997585237,0.7123487860080786,0.0046419689897447824,2139.5572677660816,2107.5782616969814,94.02850337163784,58.035290276030395
17,34,2,2000,2000,1999,90,1999,90,0.9379284110036679,0.015187148994300514,0.23499904602067545,0.7859290529740974,0.004375769000034779,2132.3589055798193,2098.381438662341,75.75026815097307,45.59169681481241
18,36,2,2000,2000,1741,63,1741,63,1.365217512997333,0.016621088958345354,0.25468359398655593,0.7732565450132824,0.0043854969553649426,1464.9680222816678,1447.3470325474009,38.49626980691667,26.14347903783875
19,38,2,2000,2000,1994,12,1994,12,1.044041596003808,0.015107374987564981,0.22279328003060073,0.7757333329645917,0.004230141988955438,1915.632487877145,1888.3084955726122,9.360796081440885,5.831823098542607
20,40,2,2000,2000,1985,27,1985,27,0.9345947219990194,0.015109903004486114,0.24176975100999698,0.8069317110348493,0.004295899998396635,2139.965006138884,2105.9179321071724,22.660999299320242,13.510767493647416
21,42,2,2000,2000,1752,374,1752,374,1.5910907569923438,0.025564656010828912,0.25767810799879953,0.8056960110552609,0.004962183011230081,1256.9993202528697,1237.1220137040268,199.5375933948345,139.55070103757836
22,44,2,2000,2000,1995,8,1995,8,1.1163217749563046,0.02006300096400082,0.19577776797814295,0.6467413689824753,0.004165311984252185,1791.5981259778657,1759.9672596636933,6.005273182797013,4.042641963526899
23,46,2,2000,2000,1885,58,1885,58,0.938560797017999,0.022900064999703318,0.22423395101213828,0.7628155340207741,0.004449944011867046,2130.922159069942,2080.1678768315546,48.9164659932946,29.766328974230174
24,48,2,2000,2000,2000,24,2000,24,0.9375112290144898,0.014608703961130232,0.20233222201932222,0.6835673109744675,0.004379065008834004,2133.307781393079,2100.5757055726003,20.78908155367006,13.057533091654118
25,50,2,2000,2000,1985,48,1985,48,1.0529380550142378,0.018986713024787605,0.26384643104393035,0.9037194669945166,0.00441519299056381,1899.4469717147379,1865.8025820774637,35.93429775470031,21.43344499134407
26,52,2,2000,2000,2000,37,2000,37,0.7747569589992054,0.013719515001866966,0.22295210196170956,0.8212729410151951,0.004411192960105836,2581.454708820565,2536.5373171518113,36.58192073995891,20.188775781127166
27,54,2,2000,2000,1996,160,1996,160,1.3221525779808871,0.028715663007460535,0.3140359310200438,1.073199161037337,0.004588659037835896,1512.6847183206958,1480.529291692225,96.1016271627155,58.43460985163918
28,56,2,2000,2000,1986,19,1986,19,0.9442719189682975,0.015479812049306929,0.1946284599835053,0.7117539650062099,0.004262236994691193,2118.033968631812,2083.8722508783,16.459048888843704,10.181475934533763
29,58,2,2000,2000,1532,27,1532,27,1.0131994030089118,0.01430714497109875,0.19111051899380982,0.6198629299760796,0.0043576579773798585,1973.945103067149,1946.4596152032589,22.15626280948849,14.686045018055081
30,60,2,2000,2000,1886,161,1886,161,1.0170593789662234,0.013906389998737723,0.19102856901008636,0.6725835520192049,0.004925864981487393,1966.453524112696,1939.928618588279,131.75183795596894,84.97935125828394
31,62,2,2000,2000,2000,3,2000,3,0.8429126919945702,0.02071936399443075,0.21921701700193807,0.695810966019053,0.004133088979870081,2372.7249796979963,2315.801024441677,2.770469195410304,1.6866629564971898
32,64,2,2000,2000,2000,27,2000,27,0.7708161849877797,0.015288747032172978,0.24927906901575625,0.7419051050092094,0.004241789982188493,2594.6523165334256,2544.1896094721824,26.077281446295796,15.191675855192923
33,66,2,2000,2000,1877,883,1877,883,1.4134443999500945,0.02998036000644788,0.26221304101636633,0.8168841149890795,0.0054754799930378795,1414.9831433557736,1385.5935241544662,517.6949053874921,350.04651274288705
34,68,2,2000,2000,1945,44,1945,44,1.121944320970215,0.01587151299463585,0.21395781903993338,0.7834283089614473,0.004271771991625428,1782.6196564464767,1757.753706969228,32.54982807380126,20.606949967150634
35,70,2,2000,2000,1989,70,1989,70,1.4994220819789916,0.016569763014558703,0.2501013490254991,0.9318607469904236,0.004317628045100719,1333.847236236729,1319.2683104495914,39.635507478913354,25.945587482419594
36,72,2,2000,2000,1993,17,1993,17,0.9720893370104022,0.016194352007005364,0.24622015503700823,0.92026587104192,0.0042270710109733045,2057.424069839991,2023.710420626776,13.77071451164364,7.8894741655676
37,74,2,2000,2000,2000,7,2000,7,0.8341661450103857,0.012934642028994858,0.1905980869778432,0.7133014390128665,0.004166783997789025,2397.6038969731853,2360.994146859437,6.745694897885968,3.997714876410595
38,76,2,2000,2000,1424,299,1424,299,1.3675877589848824,0.017467720026616007,0.30391595303080976,0.869546627975069,0.004975239979103208,1462.4290008887895,1443.985479503956,177.03082143813913,116.86452586462072
39,78,2,2000,2000,2000,36,2000,36,0.7041931410203688,0.013494466023985296,0.23922081902856007,0.7965993940015323,0.004362873965874314,2840.129906834963,2786.7277912692134,37.62115477208358,20.530276276995213
40,80,2,2000,2000,1999,4,1999,4,0.7358586969785392,0.011010606947820634,0.21660285705002025,0.6431471750256605,0.004144000995438546,2717.913110508944,2677.844690477729,4.151650833321858,2.4896998998865025
41,82,2,2000,2000,1952,34,1952,34,1.2405499300220981,0.024456306011416018,0.26839115598704666,0.8231447230209596,0.004343834996689111,1612.1882332977711,1581.019874076742,22.17298671363862,14.427919527931266
42,84,2,2000,2000,1998,125,1998,125,0.853947777999565,0.02230715600308031,0.22650997701566666,0.732968227006495,0.004626578011084348,2342.0635916228343,2282.440785656064,113.35144848286193,68.09268591974985
43,86,2,2000,2000,1992,6,1992,6,0.5716948710032739,0.01170063397148624,0.2018584129982628,0.6504284559632652,0.004097473982255906,3498.369674876,3428.206050518897,7.640840577386495,4.179197369087618
44,88,2,2000,2000,1844,120,1844,120,1.456599619006738,0.015022067003883421,0.2618905549752526,0.8514597900211811,0.004609809955582023,1373.060911112835,1359.0449359452869,69.2236242483954,46.42216571807561
45,90,2,2000,2000,1966,47,1966,47,1.6768431320087984,0.02315951301716268,0.27601255394984037,0.9343082560226321,0.0044565360294654965,1192.7174115589878,1176.468757770349,23.785242150141766,16.149407695312444
46,92,2,2000,2000,1991,29,1991,29,1.0459750049631111,0.022669992002192885,0.23274741700151935,0.7667366630048491,0.004429880005773157,1912.091580114321,1871.5289040603018,22.28382437823193,14.022335608986372
47,94,2,2000,2000,1961,20,1961,20,1.2836134410463274,0.029780815006233752,0.2835359710152261,0.945411050983239,0.0043639299692586064,1558.1014782532316,1522.7720014636348,12.524028702696121,7.86676445553058
48,96,2,2000,2000,2000,9,2000,9,1.0498403580277227,0.014792923000641167,0.1999687749776058,0.739265090029221,0.004333051037974656,1905.0515487490784,1878.5811374111233,7.116863330449555,4.491315713123602
49,98,2,2000,2000,1998,11,1998,11,1.083604633982759,0.016858490998856723,0.24559284700080752,0.8970283440430649,0.004541363974567503,1845.691627073479,1817.4166444999344,8.172022730822695,4.903961889177156
